UNIX TIME,TIME,LAT,LONG,ALT,DIST,HR,CAD,TEMP,POWER
1645250028,2022-02-19T05:53:48Z,51.34923,3.27762,5.943,0,0,0,No Data,No Data
1645250031,2022-02-19T05:53:51Z,51.34893,3.27784,9.421,0.0367353,0,0,No Data,No Data
1645250033,2022-02-19T05:53:53Z,51.34904,3.27823,9.235,0.0664904,0,0,No Data,No Data
1645250046,2022-02-19T05:54:06Z,51.34966,3.28014,10.478,0.2161644,0,0,No Data,No Data
1645250064,2022-02-19T05:54:24Z,51.35053,3.28269,15.146,0.4182007,0,0,No Data,No Data
1645250065,2022-02-19T05:54:25Z,51.35065,3.28302,15.9,0.4447518,0,0,No Data,No Data
1645250066,2022-02-19T05:54:26Z,51.35078,3.28321,16.361,0.4643473,0,0,No Data,No Data
1645250067,2022-02-19T05:54:27Z,51.35091,3.28331,16.183,0.4804034,0,0,No Data,No Data
1645250075,2022-02-19T05:54:35Z,51.35173,3.28377,11.336,0.5771341,0,0,No Data,No Data
1645250076,2022-02-19T05:54:36Z,51.35194,3.28395,9.68,0.6036524,0,0,No Data,No Data
1645250080,2022-02-19T05:54:40Z,51.35213,3.28447,9.734,0.6455407,0,0,No Data,No Data
1645250080,2022-02-19T05:54:40Z,51.35213,3.28447,9.734,0.6455407,0,0,No Data,No Data
1645250093,2022-02-19T05:54:53Z,51.35282,3.28644,10.576,0.8025815,0,0,No Data,No Data
1645250093,2022-02-19T05:54:53Z,51.35284,3.28648,10.432,0.806143,0,0,No Data,No Data
1645250102,2022-02-19T05:55:02Z,51.35321,3.28807,15.126,0.9241165,0,0,No Data,No Data
1645250103,2022-02-19T05:55:03Z,51.35327,3.28833,16.137,0.943388,0,0,No Data,No Data
1645250103,2022-02-19T05:55:03Z,51.35327,3.28833,16.137,0.943388,0,0,No Data,No Data
1645250117,2022-02-19T05:55:17Z,51.35374,3.29052,13.01,1.104391,0,0,No Data,No Data
1645250123,2022-02-19T05:55:23Z,51.35394,3.29144,13.112,1.17212,0,0,No Data,No Data
1645250130,2022-02-19T05:55:30Z,51.35415,3.29251,14.028,1.2501,0,0,No Data,No Data
1645250130,2022-02-19T05:55:30Z,51.35415,3.29251,14.028,1.2501,0,0,No Data,No Data
1645250137,2022-02-19T05:55:37Z,51.35439,3.29362,11.192,1.331768,0,0,No Data,No Data
1645250144,2022-02-19T05:55:44Z,51.3546,3.29465,11.698,1.407099,0,0,No Data,No Data
1645250152,2022-02-19T05:55:52Z,51.35486,3.2959,12.349,1.498699,0,0,No Data,No Data
1645250152,2022-02-19T05:55:52Z,51.35473,3.29596,13.478,1.513761,0,0,No Data,No Data
1645250152,2022-02-19T05:55:52Z,51.35473,3.29596,13.478,1.513761,0,0,No Data,No Data
1645250152,2022-02-19T05:55:52Z,51.35473,3.29596,13.478,1.513761,0,0,No Data,No Data
1645250153,2022-02-19T05:55:53Z,51.35463,3.29601,14.273,1.525424,0,0,No Data,No Data
1645250160,2022-02-19T05:56:00Z,51.3539,3.29562,16.226,1.611098,0,0,No Data,No Data
1645250161,2022-02-19T05:56:01Z,51.35379,3.29543,15.475,1.629111,0,0,No Data,No Data
1645250161,2022-02-19T05:56:01Z,51.35381,3.29538,15.549,1.63324,0,0,No Data,No Data
1645250161,2022-02-19T05:56:01Z,51.35379,3.2953,15.389,1.639232,0,0,No Data,No Data
1645250161,2022-02-19T05:56:01Z,51.35377,3.29525,15.253,1.64336,0,0,No Data,No Data
1645250161,2022-02-19T05:56:01Z,51.35372,3.29521,14.973,1.649583,0,0,No Data,No Data
1645250161,2022-02-19T05:56:01Z,51.3537,3.29521,14.871,1.651808,0,0,No Data,No Data
1645250161,2022-02-19T05:56:01Z,51.35366,3.29523,14.676,1.656473,0,0,No Data,No Data
1645250162,2022-02-19T05:56:02Z,51.35349,3.29493,13.789,1.684638,0,0,No Data,No Data
1645250162,2022-02-19T05:56:02Z,51.35349,3.29493,13.789,1.684638,0,0,No Data,No Data
1645250162,2022-02-19T05:56:02Z,51.35349,3.29493,13.789,1.684638,0,0,No Data,No Data
1645250166,2022-02-19T05:56:06Z,51.35319,3.2944,13.796,1.734371,0,0,No Data,No Data
1645250175,2022-02-19T05:56:15Z,51.35259,3.29339,14.993,1.831289,0,0,No Data,No Data
1645250176,2022-02-19T05:56:16Z,51.35246,3.29317,15.052,1.852347,0,0,No Data,No Data
1645250176,2022-02-19T05:56:16Z,51.35246,3.29317,15.052,1.852347,0,0,No Data,No Data
1645250181,2022-02-19T05:56:21Z,51.35211,3.29259,14.488,1.908423,0,0,No Data,No Data
1645250181,2022-02-19T05:56:21Z,51.35205,3.29247,14.363,1.919111,0,0,No Data,No Data
1645250181,2022-02-19T05:56:21Z,51.35199,3.29236,14.099,1.929265,0,0,No Data,No Data
1645250181,2022-02-19T05:56:21Z,51.35199,3.29236,14.099,1.929265,0,0,No Data,No Data
1645250182,2022-02-19T05:56:22Z,51.35184,3.2921,13.524,1.953875,0,0,No Data,No Data
1645250182,2022-02-19T05:56:22Z,51.35184,3.2921,13.524,1.953875,0,0,No Data,No Data
1645250182,2022-02-19T05:56:22Z,51.35177,3.29199,13.296,1.964794,0,0,No Data,No Data
1645250182,2022-02-19T05:56:22Z,51.35177,3.29199,13.296,1.964794,0,0,No Data,No Data
1645250183,2022-02-19T05:56:23Z,51.35169,3.29184,13.062,1.978509,0,0,No Data,No Data
1645250183,2022-02-19T05:56:23Z,51.35165,3.29178,12.917,1.984611,0,0,No Data,No Data
1645250183,2022-02-19T05:56:23Z,51.35165,3.29178,12.917,1.984611,0,0,No Data,No Data
1645250183,2022-02-19T05:56:23Z,51.35165,3.29178,12.917,1.984611,0,0,No Data,No Data
1645250183,2022-02-19T05:56:23Z,51.3516,3.29171,12.676,1.992005,0,0,No Data,No Data
1645250183,2022-02-19T05:56:23Z,51.35154,3.29163,12.361,2.000697,0,0,No Data,No Data
1645250184,2022-02-19T05:56:24Z,51.35141,3.29141,11.65,2.021755,0,0,No Data,No Data
1645250184,2022-02-19T05:56:24Z,51.35141,3.29141,11.65,2.021755,0,0,No Data,No Data
1645250186,2022-02-19T05:56:26Z,51.35126,3.29116,11.033,2.04586,0,0,No Data,No Data
1645250186,2022-02-19T05:56:26Z,51.35126,3.29116,11.033,2.04586,0,0,No Data,No Data
1645250187,2022-02-19T05:56:27Z,51.35111,3.2909,10.637,2.07047,0,0,No Data,No Data
1645250187,2022-02-19T05:56:27Z,51.35104,3.29077,10.534,2.082405,0,0,No Data,No Data
1645250187,2022-02-19T05:56:27Z,51.35102,3.29071,10.53,2.087134,0,0,No Data,No Data
1645250188,2022-02-19T05:56:28Z,51.35087,3.29045,10.508,2.111745,0,0,No Data,No Data
1645250188,2022-02-19T05:56:28Z,51.35087,3.29045,10.508,2.111745,0,0,No Data,No Data
1645250188,2022-02-19T05:56:28Z,51.35087,3.29045,10.508,2.111745,0,0,No Data,No Data
1645250188,2022-02-19T05:56:28Z,51.35081,3.29034,10.581,2.1219,0,0,No Data,No Data
1645250188,2022-02-19T05:56:28Z,51.35081,3.29034,10.581,2.1219,0,0,No Data,No Data
1645250188,2022-02-19T05:56:28Z,51.35081,3.29034,10.581,2.1219,0,0,No Data,No Data
1645250189,2022-02-19T05:56:29Z,51.35072,3.29019,10.741,2.136363,0,0,No Data,No Data
1645250189,2022-02-19T05:56:29Z,51.35072,3.29019,10.741,2.136363,0,0,No Data,No Data
1645250189,2022-02-19T05:56:29Z,51.35072,3.29019,10.741,2.136363,0,0,No Data,No Data
1645250189,2022-02-19T05:56:29Z,51.35072,3.29019,10.741,2.136363,0,0,No Data,No Data
1645250190,2022-02-19T05:56:30Z,51.35057,3.29,11.0,2.157656,0,0,No Data,No Data
1645250195,2022-02-19T05:56:35Z,51.35018,3.28933,11.347,2.221338,0,0,No Data,No Data
1645250195,2022-02-19T05:56:35Z,51.35016,3.28931,11.318,2.223964,0,0,No Data,No Data
1645250195,2022-02-19T05:56:35Z,51.35014,3.28927,11.294,2.227527,0,0,No Data,No Data
1645250195,2022-02-19T05:56:35Z,51.35008,3.28916,11.184,2.237682,0,0,No Data,No Data
1645250195,2022-02-19T05:56:35Z,51.35008,3.28916,11.184,2.237682,0,0,No Data,No Data
1645250195,2022-02-19T05:56:35Z,51.35008,3.28916,11.184,2.237682,0,0,No Data,No Data
1645250196,2022-02-19T05:56:36Z,51.34999,3.28895,10.755,2.255391,0,0,No Data,No Data
1645250196,2022-02-19T05:56:36Z,51.3499,3.28886,10.796,2.267204,0,0,No Data,No Data
1645250205,2022-02-19T05:56:45Z,51.34885,3.2887,11.453,2.384628,0,0,No Data,No Data
1645250214,2022-02-19T05:56:54Z,51.34789,3.28856,10.196,2.491947,0,0,No Data,No Data
1645250222,2022-02-19T05:57:02Z,51.34709,3.28844,9.38,2.5814,0,0,No Data,No Data
1645250224,2022-02-19T05:57:04Z,51.34679,3.28841,9.056,2.614864,0,0,No Data,No Data
1645250224,2022-02-19T05:57:04Z,51.34679,3.28841,9.056,2.614864,0,0,No Data,No Data
1645250224,2022-02-19T05:57:04Z,51.34679,3.28841,9.056,2.614864,0,0,No Data,No Data
1645250224,2022-02-19T05:57:04Z,51.34679,3.28841,9.056,2.614864,0,0,No Data,No Data
1645250224,2022-02-19T05:57:04Z,51.34677,3.28835,9.104,2.619594,0,0,No Data,No Data
1645250224,2022-02-19T05:57:04Z,51.34675,3.2883,9.1,2.623724,0,0,No Data,No Data
1645250224,2022-02-19T05:57:04Z,51.34675,3.2883,9.1,2.623724,0,0,No Data,No Data
1645250236,2022-02-19T05:57:16Z,51.34683,3.28628,9.287,2.764471,0,0,No Data,No Data
1645250236,2022-02-19T05:57:16Z,51.34685,3.28624,9.333,2.768033,0,0,No Data,No Data
1645250236,2022-02-19T05:57:16Z,51.34685,3.28624,9.333,2.768033,0,0,No Data,No Data
1645250236,2022-02-19T05:57:16Z,51.34686,3.28622,9.356,2.769814,0,0,No Data,No Data
1645250236,2022-02-19T05:57:16Z,51.34686,3.28618,9.367,2.772595,0,0,No Data,No Data
1645250236,2022-02-19T05:57:16Z,51.3469,3.28601,9.501,2.785227,0,0,No Data,No Data
1645250236,2022-02-19T05:57:16Z,51.34694,3.28598,9.598,2.790144,0,0,No Data,No Data
1645250236,2022-02-19T05:57:16Z,51.34699,3.28594,9.726,2.796367,0,0,No Data,No Data
1645250236,2022-02-19T05:57:16Z,51.34703,3.28581,9.844,2.806444,0,0,No Data,No Data
1645250240,2022-02-19T05:57:20Z,51.34705,3.28504,8.968,2.860033,0,0,No Data,No Data
1645250240,2022-02-19T05:57:20Z,51.34707,3.28496,8.945,2.866025,0,0,No Data,No Data
1645250240,2022-02-19T05:57:20Z,51.34707,3.28496,8.945,2.866025,0,0,No Data,No Data
1645250240,2022-02-19T05:57:20Z,51.34707,3.28493,8.927,2.868112,0,0,No Data,No Data
1645250240,2022-02-19T05:57:20Z,51.34707,3.28493,8.927,2.868112,0,0,No Data,No Data
1645250240,2022-02-19T05:57:20Z,51.34707,3.28487,8.892,2.872286,0,0,No Data,No Data
1645250240,2022-02-19T05:57:20Z,51.34707,3.2848,8.852,2.877154,0,0,No Data,No Data
1645250240,2022-02-19T05:57:20Z,51.34701,3.28468,8.666,2.887843,0,0,No Data,No Data
1645250240,2022-02-19T05:57:20Z,51.34699,3.28465,8.613,2.890893,0,0,No Data,No Data
1645250240,2022-02-19T05:57:20Z,51.34694,3.28463,8.51,2.896631,0,0,No Data,No Data
1645250240,2022-02-19T05:57:20Z,51.3469,3.28463,8.436,2.901083,0,0,No Data,No Data
1645250240,2022-02-19T05:57:20Z,51.34686,3.28465,8.367,2.905747,0,0,No Data,No Data
1645250240,2022-02-19T05:57:20Z,51.34681,3.2847,8.282,2.91231,0,0,No Data,No Data
1645250240,2022-02-19T05:57:20Z,51.34674,3.28481,8.156,2.92323,0,0,No Data,No Data
1645250240,2022-02-19T05:57:20Z,51.34674,3.28481,8.156,2.92323,0,0,No Data,No Data
1645250254,2022-02-19T05:57:34Z,51.34534,3.2847,7.938,3.079279,0,0,No Data,No Data
1645250254,2022-02-19T05:57:34Z,51.34534,3.2847,7.938,3.079279,0,0,No Data,No Data
1645250260,2022-02-19T05:57:40Z,51.34467,3.28463,8.732,3.154028,0,0,No Data,No Data
1645250262,2022-02-19T05:57:42Z,51.34441,3.28461,8.863,3.183007,0,0,No Data,No Data
1645250262,2022-02-19T05:57:42Z,51.34441,3.28461,8.863,3.183007,0,0,No Data,No Data
1645250264,2022-02-19T05:57:44Z,51.34418,3.28459,8.992,3.20865,0,0,No Data,No Data
1645250264,2022-02-19T05:57:44Z,51.34418,3.28459,8.992,3.20865,0,0,No Data,No Data
1645250265,2022-02-19T05:57:45Z,51.34398,3.28457,9.224,3.230959,0,0,No Data,No Data
1645250265,2022-02-19T05:57:45Z,51.34398,3.28457,9.224,3.230959,0,0,No Data,No Data
1645250267,2022-02-19T05:57:47Z,51.34372,3.28455,9.536,3.259938,0,0,No Data,No Data
1645250267,2022-02-19T05:57:47Z,51.34372,3.28455,9.536,3.259938,0,0,No Data,No Data
1645250269,2022-02-19T05:57:49Z,51.34349,3.28453,9.812,3.285581,0,0,No Data,No Data
1645250270,2022-02-19T05:57:50Z,51.34327,3.2845,9.848,3.310162,0,0,No Data,No Data
1645250270,2022-02-19T05:57:50Z,51.34327,3.2845,9.848,3.310162,0,0,No Data,No Data
1645250270,2022-02-19T05:57:50Z,51.34327,3.2845,9.848,3.310162,0,0,No Data,No Data
1645250272,2022-02-19T05:57:52Z,51.343,3.28448,9.2,3.340253,0,0,No Data,No Data
1645250275,2022-02-19T05:57:55Z,51.34261,3.28446,8.264,3.383694,0,0,No Data,No Data
1645250275,2022-02-19T05:57:55Z,51.34252,3.28446,8.048,3.393714,0,0,No Data,No Data
1645250277,2022-02-19T05:57:57Z,51.34227,3.28465,7.884,3.424524,0,0,No Data,No Data
1645250277,2022-02-19T05:57:57Z,51.34227,3.28465,7.884,3.424524,0,0,No Data,No Data
1645250278,2022-02-19T05:57:58Z,51.34214,3.28478,7.886,3.441589,0,0,No Data,No Data
1645250281,2022-02-19T05:58:01Z,51.34181,3.28504,7.969,3.482536,0,0,No Data,No Data
1645250281,2022-02-19T05:58:01Z,51.34177,3.28508,7.928,3.487787,0,0,No Data,No Data
1645250281,2022-02-19T05:58:01Z,51.34171,3.28506,7.935,3.49461,0,0,No Data,No Data
1645250281,2022-02-19T05:58:01Z,51.34166,3.28506,7.905,3.500177,0,0,No Data,No Data
1645250281,2022-02-19T05:58:01Z,51.34162,3.28508,7.741,3.504842,0,0,No Data,No Data
1645250283,2022-02-19T05:58:03Z,51.34143,3.28532,6.873,3.531787,0,0,No Data,No Data
1645250284,2022-02-19T05:58:04Z,51.34128,3.28547,6.306,3.551477,0,0,No Data,No Data
1645250284,2022-02-19T05:58:04Z,51.34117,3.28556,5.941,3.56523,0,0,No Data,No Data
1645250285,2022-02-19T05:58:05Z,51.34104,3.28562,5.559,3.580292,0,0,No Data,No Data
1645250285,2022-02-19T05:58:05Z,51.34096,3.28566,5.336,3.589622,0,0,No Data,No Data
1645250285,2022-02-19T05:58:05Z,51.34094,3.28566,5.283,3.591851,0,0,No Data,No Data
1645250285,2022-02-19T05:58:05Z,51.34087,3.28571,5.095,3.600384,0,0,No Data,No Data
1645250285,2022-02-19T05:58:05Z,51.34081,3.28577,5.0,3.60826,0,0,No Data,No Data
1645250285,2022-02-19T05:58:05Z,51.34076,3.28588,5.107,3.617721,0,0,No Data,No Data
1645250285,2022-02-19T05:58:05Z,51.34074,3.2859,5.151,3.620347,0,0,No Data,No Data
1645250288,2022-02-19T05:58:08Z,51.34037,3.28598,5.254,3.661913,0,0,No Data,No Data
1645250288,2022-02-19T05:58:08Z,51.34037,3.28598,5.254,3.661913,0,0,No Data,No Data
1645250288,2022-02-19T05:58:08Z,51.34037,3.28598,5.254,3.661913,0,0,No Data,No Data
1645250291,2022-02-19T05:58:11Z,51.34003,3.28605,5.269,3.700077,0,0,No Data,No Data
1645250291,2022-02-19T05:58:11Z,51.33999,3.28607,5.251,3.704742,0,0,No Data,No Data
1645250294,2022-02-19T05:58:14Z,51.33963,3.28614,4.199,3.745115,0,0,No Data,No Data
1645250294,2022-02-19T05:58:14Z,51.3396,3.28614,4.105,3.748454,0,0,No Data,No Data
1645250294,2022-02-19T05:58:14Z,51.33956,3.28614,3.978,3.752908,0,0,No Data,No Data
1645250294,2022-02-19T05:58:14Z,51.33952,3.28605,3.682,3.76059,0,0,No Data,No Data
1645250294,2022-02-19T05:58:14Z,51.33948,3.28601,3.472,3.765841,0,0,No Data,No Data
1645250294,2022-02-19T05:58:14Z,51.33943,3.28601,3.305,3.771408,0,0,No Data,No Data
1645250294,2022-02-19T05:58:14Z,51.33939,3.28603,3.213,3.776072,0,0,No Data,No Data
1645250294,2022-02-19T05:58:14Z,51.33938,3.28603,3.18,3.777189,0,0,No Data,No Data
1645250294,2022-02-19T05:58:14Z,51.33938,3.28603,3.18,3.777189,0,0,No Data,No Data
1645250295,2022-02-19T05:58:15Z,51.3392,3.28614,2.841,3.798639,0,0,No Data,No Data
1645250296,2022-02-19T05:58:16Z,51.33899,3.28621,2.48,3.82252,0,0,No Data,No Data
1645250298,2022-02-19T05:58:18Z,51.33877,3.28635,2.288,3.848877,0,0,No Data,No Data
1645250298,2022-02-19T05:58:18Z,51.33865,3.28642,2.168,3.863096,0,0,No Data,No Data
1645250298,2022-02-19T05:58:18Z,51.33865,3.28642,2.168,3.863096,0,0,No Data,No Data
1645250298,2022-02-19T05:58:18Z,51.33857,3.28646,2.072,3.872427,0,0,No Data,No Data
1645250300,2022-02-19T05:58:20Z,51.3383,3.28663,1.914,3.904728,0,0,No Data,No Data
1645250301,2022-02-19T05:58:21Z,51.33821,3.28669,2.024,3.915582,0,0,No Data,No Data
1645250303,2022-02-19T05:58:23Z,51.33795,3.28693,2.171,3.948996,0,0,No Data,No Data
1645250326,2022-02-19T05:58:46Z,51.33602,3.28897,3.0,4.206481,0,0,No Data,No Data
1645250329,2022-02-19T05:58:49Z,51.33568,3.28933,3.0,4.251865,0,0,No Data,No Data
1645250340,2022-02-19T05:59:00Z,51.33467,3.29021,3.352,4.379887,0,0,No Data,No Data
1645250366,2022-02-19T05:59:26Z,51.33237,3.29212,3.912,4.668358,0,0,No Data,No Data
1645250376,2022-02-19T05:59:36Z,51.33139,3.29285,1.863,4.788699,0,0,No Data,No Data
1645250381,2022-02-19T05:59:41Z,51.33091,3.29317,0.932,4.846588,0,0,No Data,No Data
1645250386,2022-02-19T05:59:46Z,51.33036,3.29352,1.448,4.912482,0,0,No Data,No Data
1645250396,2022-02-19T05:59:56Z,51.32939,3.2941,2.225,5.027762,0,0,No Data,No Data
1645250396,2022-02-19T05:59:56Z,51.32935,3.29414,2.206,5.033013,0,0,No Data,No Data
1645250411,2022-02-19T06:00:11Z,51.32793,3.29495,2.969,5.200842,0,0,No Data,No Data
1645250419,2022-02-19T06:00:19Z,51.32716,3.29534,3.483,5.290756,0,0,No Data,No Data
1645250438,2022-02-19T06:00:38Z,51.32527,3.29622,3.883,5.509893,0,0,No Data,No Data
1645250442,2022-02-19T06:00:42Z,51.32485,3.29641,3.253,5.558484,0,0,No Data,No Data
1645250442,2022-02-19T06:00:42Z,51.32485,3.29641,3.253,5.558484,0,0,No Data,No Data
1645250442,2022-02-19T06:00:42Z,51.32476,3.2964,3.228,5.568528,0,0,No Data,No Data
1645250442,2022-02-19T06:00:42Z,51.32463,3.29636,3.205,5.583266,0,0,No Data,No Data
1645250443,2022-02-19T06:00:43Z,51.32454,3.29649,3.095,5.596764,0,0,No Data,No Data
1645250443,2022-02-19T06:00:43Z,51.32445,3.29659,3.031,5.608962,0,0,No Data,No Data
1645250443,2022-02-19T06:00:43Z,51.32445,3.29659,3.031,5.608962,0,0,No Data,No Data
1645250446,2022-02-19T06:00:46Z,51.32405,3.29678,2.875,5.655414,0,0,No Data,No Data
1645250457,2022-02-19T06:00:57Z,51.32298,3.2974,2.336,5.782105,0,0,No Data,No Data
1645250472,2022-02-19T06:01:12Z,51.32154,3.29834,2.015,5.955246,0,0,No Data,No Data
1645250480,2022-02-19T06:01:20Z,51.32072,3.29892,2.608,6.055057,0,0,No Data,No Data
1645250481,2022-02-19T06:01:21Z,51.32059,3.29904,2.6,6.071765,0,0,No Data,No Data
1645250481,2022-02-19T06:01:21Z,51.32058,3.29904,2.59,6.072882,0,0,No Data,No Data
1645250481,2022-02-19T06:01:21Z,51.32059,3.29904,2.6,6.073999,0,0,No Data,No Data
1645250483,2022-02-19T06:01:23Z,51.3204,3.2992,2.461,6.097902,0,0,No Data,No Data
1645250484,2022-02-19T06:01:24Z,51.32021,3.29942,2.175,6.124012,0,0,No Data,No Data
1645250486,2022-02-19T06:01:26Z,51.32004,3.29961,2.022,6.147098,0,0,No Data,No Data
1645250486,2022-02-19T06:01:26Z,51.32004,3.29961,2.022,6.147098,0,0,No Data,No Data
1645250492,2022-02-19T06:01:32Z,51.3195,3.30009,2.043,6.21587,0,0,No Data,No Data
1645250493,2022-02-19T06:01:33Z,51.31931,3.30025,2.052,6.239773,0,0,No Data,No Data
1645250493,2022-02-19T06:01:33Z,51.31931,3.30025,2.052,6.239773,0,0,No Data,No Data
1645250493,2022-02-19T06:01:33Z,51.31931,3.30025,2.052,6.239773,0,0,No Data,No Data
1645250493,2022-02-19T06:01:33Z,51.31926,3.3003,2.04,6.246338,0,0,No Data,No Data
1645250511,2022-02-19T06:01:51Z,51.31757,3.30167,2.916,6.457255,0,0,No Data,No Data
1645250511,2022-02-19T06:01:51Z,51.31757,3.30167,2.916,6.457255,0,0,No Data,No Data
1645250511,2022-02-19T06:01:51Z,51.31757,3.30167,2.916,6.457255,0,0,No Data,No Data
1645250511,2022-02-19T06:01:51Z,51.31757,3.30167,2.916,6.457255,0,0,No Data,No Data
1645250511,2022-02-19T06:01:51Z,51.31757,3.30167,2.916,6.457255,0,0,No Data,No Data
1645250515,2022-02-19T06:01:55Z,51.3171,3.30201,2.52,6.514679,0,0,No Data,No Data
1645250528,2022-02-19T06:02:08Z,51.31589,3.3027,2.932,6.657688,0,0,No Data,No Data
1645250529,2022-02-19T06:02:09Z,51.31574,3.30283,3.224,6.67668,0,0,No Data,No Data
1645250529,2022-02-19T06:02:09Z,51.31564,3.30298,3.464,6.691941,0,0,No Data,No Data
1645250530,2022-02-19T06:02:10Z,51.31553,3.30289,3.728,6.705696,0,0,No Data,No Data
1645250534,2022-02-19T06:02:14Z,51.31504,3.30255,4.904,6.765157,0,0,No Data,No Data
1645250535,2022-02-19T06:02:15Z,51.31493,3.3025,5.0,6.777888,0,0,No Data,No Data
1645250535,2022-02-19T06:02:15Z,51.31493,3.3025,5.0,6.777888,0,0,No Data,No Data
1645250535,2022-02-19T06:02:15Z,51.31493,3.3025,5.0,6.777888,0,0,No Data,No Data
1645250535,2022-02-19T06:02:15Z,51.31482,3.30244,4.928,6.790827,0,0,No Data,No Data
1645250540,2022-02-19T06:02:20Z,51.31433,3.30219,4.628,6.848085,0,0,No Data,No Data
1645250550,2022-02-19T06:02:30Z,51.3133,3.30163,2.998,6.969195,0,0,No Data,No Data
1645250554,2022-02-19T06:02:34Z,51.31289,3.30139,3.377,7.017799,0,0,No Data,No Data
1645250557,2022-02-19T06:02:37Z,51.3125,3.3012,4.0,7.063186,0,0,No Data,No Data
1645250557,2022-02-19T06:02:37Z,51.31244,3.30118,3.928,7.070009,0,0,No Data,No Data
1645250559,2022-02-19T06:02:39Z,51.3122,3.30107,3.64,7.097803,0,0,No Data,No Data
1645250559,2022-02-19T06:02:39Z,51.31214,3.30101,3.568,7.10568,0,0,No Data,No Data
1645250566,2022-02-19T06:02:46Z,51.31139,3.30064,2.668,7.193057,0,0,No Data,No Data
1645250567,2022-02-19T06:02:47Z,51.31126,3.30058,2.512,7.20812,0,0,No Data,No Data
1645250569,2022-02-19T06:02:49Z,51.31102,3.30043,2.224,7.236806,0,0,No Data,No Data
1645250569,2022-02-19T06:02:49Z,51.31098,3.30038,2.176,7.242457,0,0,No Data,No Data
1645250570,2022-02-19T06:02:50Z,51.31083,3.30028,2.0,7.260549,0,0,No Data,No Data
1645250570,2022-02-19T06:02:50Z,51.31079,3.30028,2.0,7.265003,0,0,No Data,No Data
1645250570,2022-02-19T06:02:50Z,51.31074,3.30023,2.0,7.271568,0,0,No Data,No Data
1645250570,2022-02-19T06:02:50Z,51.31068,3.30017,2.0,7.279446,0,0,No Data,No Data
1645250570,2022-02-19T06:02:50Z,51.31064,3.30013,2.0,7.284698,0,0,No Data,No Data
1645250571,2022-02-19T06:02:51Z,51.31055,3.3,2.0,7.298198,0,0,No Data,No Data
1645250571,2022-02-19T06:02:51Z,51.31047,3.29989,2.058,7.309942,0,0,No Data,No Data
1645250571,2022-02-19T06:02:51Z,51.31038,3.29983,2.111,7.320797,0,0,No Data,No Data
1645250571,2022-02-19T06:02:51Z,51.31027,3.2998,2.162,7.33322,0,0,No Data,No Data
1645250571,2022-02-19T06:02:51Z,51.31021,3.29983,2.153,7.340218,0,0,No Data,No Data
1645250571,2022-02-19T06:02:51Z,51.3101,3.29985,2.158,7.352543,0,0,No Data,No Data
1645250571,2022-02-19T06:02:51Z,51.3101,3.29985,2.158,7.352543,0,0,No Data,No Data
1645250571,2022-02-19T06:02:51Z,51.31006,3.29987,2.145,7.357209,0,0,No Data,No Data
1645250572,2022-02-19T06:02:52Z,51.30989,3.29989,2.115,7.376186,0,0,No Data,No Data
1645250573,2022-02-19T06:02:53Z,51.30965,3.29991,2.063,7.402941,0,0,No Data,No Data
1645250573,2022-02-19T06:02:53Z,51.30963,3.29991,2.06,7.405168,0,0,No Data,No Data
1645250584,2022-02-19T06:03:04Z,51.30851,3.30002,1.226,7.530092,0,0,No Data,No Data
1645250584,2022-02-19T06:03:04Z,51.30843,3.30002,1.134,7.538998,0,0,No Data,No Data
1645250595,2022-02-19T06:03:15Z,51.30729,3.30013,1.369,7.666144,0,0,No Data,No Data
1645250603,2022-02-19T06:03:23Z,51.30639,3.30023,1.76,7.766582,0,0,No Data,No Data
1645250616,2022-02-19T06:03:36Z,51.30499,3.30045,1.539,7.923193,0,0,No Data,No Data
1645250619,2022-02-19T06:03:39Z,51.30467,3.30045,1.508,7.958818,0,0,No Data,No Data
1645250621,2022-02-19T06:03:41Z,51.30437,3.3004,1.51,7.992397,0,0,No Data,No Data
1645250623,2022-02-19T06:03:43Z,51.30416,3.30034,1.591,8.016146,0,0,No Data,No Data
1645250626,2022-02-19T06:03:46Z,51.30377,3.30013,1.517,8.061959,0,0,No Data,No Data
1645250629,2022-02-19T06:03:49Z,51.30347,3.29995,1.224,8.09763,0,0,No Data,No Data
1645250633,2022-02-19T06:03:53Z,51.30302,3.29967,1.396,8.151385,0,0,No Data,No Data
1645250641,2022-02-19T06:04:01Z,51.30218,3.29914,0.86,8.251915,0,0,No Data,No Data
1645250641,2022-02-19T06:04:01Z,51.30212,3.29909,0.674,8.259447,0,0,No Data,No Data
1645250641,2022-02-19T06:04:01Z,51.30212,3.29909,0.674,8.259447,0,0,No Data,No Data
1645250641,2022-02-19T06:04:01Z,51.30212,3.29909,0.674,8.259447,0,0,No Data,No Data
1645250643,2022-02-19T06:04:03Z,51.3019,3.29895,0.027,8.285807,0,0,No Data,No Data
1645250643,2022-02-19T06:04:03Z,51.30182,3.2989,-0.187,8.29537,0,0,No Data,No Data
1645250643,2022-02-19T06:04:03Z,51.30182,3.2989,-0.187,8.29537,0,0,No Data,No Data
1645250655,2022-02-19T06:04:15Z,51.30068,3.29839,0.539,8.427157,0,0,No Data,No Data
1645250657,2022-02-19T06:04:17Z,51.30038,3.29822,1.694,8.46259,0,0,No Data,No Data
1645250665,2022-02-19T06:04:25Z,51.29965,3.29762,2.22,8.553964,0,0,No Data,No Data
1645250682,2022-02-19T06:04:42Z,51.29819,3.29641,-0.546,8.737032,0,0,No Data,No Data
1645250683,2022-02-19T06:04:43Z,51.29798,3.29622,-0.929,8.763893,0,0,No Data,No Data
1645250710,2022-02-19T06:05:10Z,51.29572,3.29358,0.704,9.075468,0,0,No Data,No Data
1645250716,2022-02-19T06:05:16Z,51.29525,3.29313,0.829,9.136454,0,0,No Data,No Data
1645250718,2022-02-19T06:05:18Z,51.29502,3.29292,0.516,9.165939,0,0,No Data,No Data
1645250725,2022-02-19T06:05:25Z,51.29433,3.29244,-0.014,9.249709,0,0,No Data,No Data
1645250745,2022-02-19T06:05:45Z,51.29244,3.29124,1.039,9.476099,0,0,No Data,No Data
1645250753,2022-02-19T06:05:53Z,51.29165,3.29071,2.815,9.571476,0,0,No Data,No Data
1645250760,2022-02-19T06:06:00Z,51.29098,3.29034,1.248,9.650389,0,0,No Data,No Data
1645250766,2022-02-19T06:06:06Z,51.2904,3.2901,0.418,9.717087,0,0,No Data,No Data
1645250771,2022-02-19T06:06:11Z,51.2898,3.28998,-0.204,9.784405,0,0,No Data,No Data
1645250781,2022-02-19T06:06:21Z,51.28877,3.2898,0.92,9.899757,0,0,No Data,No Data
1645250781,2022-02-19T06:06:21Z,51.28866,3.2898,1.252,9.912003,0,0,No Data,No Data
1645250809,2022-02-19T06:06:49Z,51.28581,3.2894,1.012,10.23051,0,0,No Data,No Data
1645250830,2022-02-19T06:07:10Z,51.28362,3.2894,1.56,10.47432,0,0,No Data,No Data
1645250831,2022-02-19T06:07:11Z,51.28347,3.28938,1.794,10.49108,0,0,No Data,No Data
1645250832,2022-02-19T06:07:12Z,51.28334,3.28933,1.99,10.50597,0,0,No Data,No Data
1645250832,2022-02-19T06:07:12Z,51.28319,3.28923,2.0,10.52406,0,0,No Data,No Data
1645250833,2022-02-19T06:07:13Z,51.28309,3.28912,1.96,10.53757,0,0,No Data,No Data
1645250836,2022-02-19T06:07:16Z,51.28276,3.28873,1.837,10.58326,0,0,No Data,No Data
1645250838,2022-02-19T06:07:18Z,51.28257,3.28847,1.93,10.6111,0,0,No Data,No Data
1645250847,2022-02-19T06:07:27Z,51.28182,3.28749,2.002,10.71894,0,0,No Data,No Data
1645250858,2022-02-19T06:07:38Z,51.28094,3.28626,0.318,10.84907,0,0,No Data,No Data
1645250865,2022-02-19T06:07:45Z,51.28038,3.28553,0.198,10.92951,0,0,No Data,No Data
1645250875,2022-02-19T06:07:55Z,51.27948,3.28446,0.78,11.05438,0,0,No Data,No Data
1645250877,2022-02-19T06:07:57Z,51.27928,3.28423,0.934,11.08181,0,0,No Data,No Data
1645250877,2022-02-19T06:07:57Z,51.27928,3.28423,0.934,11.08181,0,0,No Data,No Data
1645250877,2022-02-19T06:07:57Z,51.27928,3.28423,0.934,11.08181,0,0,No Data,No Data
1645250880,2022-02-19T06:08:00Z,51.27899,3.28388,0.861,11.12226,0,0,No Data,No Data
1645250887,2022-02-19T06:08:07Z,51.27839,3.28317,1.196,11.20537,0,0,No Data,No Data
1645250894,2022-02-19T06:08:14Z,51.27785,3.28259,2.472,11.2778,0,0,No Data,No Data
1645250894,2022-02-19T06:08:14Z,51.27779,3.28251,2.64,11.2865,0,0,No Data,No Data
1645250894,2022-02-19T06:08:14Z,51.27774,3.28244,2.723,11.2939,0,0,No Data,No Data
1645250894,2022-02-19T06:08:14Z,51.2777,3.28236,2.753,11.30103,0,0,No Data,No Data
1645250896,2022-02-19T06:08:16Z,51.27787,3.28206,2.966,11.32922,0,0,No Data,No Data
1645250974,2022-02-19T06:09:34Z,51.28429,3.27498,7.215,12.19751,0,0,No Data,No Data
1645251042,2022-02-19T06:10:42Z,51.28995,3.26875,7.71,12.96251,0,0,No Data,No Data
1645251072,2022-02-19T06:11:12Z,51.29244,3.26605,6.549,13.29744,0,0,No Data,No Data
1645251113,2022-02-19T06:11:53Z,51.29583,3.2623,4.008,13.75634,0,0,No Data,No Data
1645251113,2022-02-19T06:11:53Z,51.29583,3.2623,4.008,13.75634,0,0,No Data,No Data
1645251113,2022-02-19T06:11:53Z,51.29583,3.2623,4.008,13.75634,0,0,No Data,No Data
1645251113,2022-02-19T06:11:53Z,51.2959,3.26223,3.838,13.76553,0,0,No Data,No Data
1645251114,2022-02-19T06:11:54Z,51.296,3.26215,3.652,13.77798,0,0,No Data,No Data
1645251114,2022-02-19T06:11:54Z,51.29609,3.26204,3.586,13.79059,0,0,No Data,No Data
1645251114,2022-02-19T06:11:54Z,51.29615,3.262,3.544,13.79783,0,0,No Data,No Data
1645251114,2022-02-19T06:11:54Z,51.29611,3.26193,3.685,13.80443,0,0,No Data,No Data
1645251119,2022-02-19T06:11:59Z,51.29577,3.26142,4.336,13.85633,0,0,No Data,No Data
1645251119,2022-02-19T06:11:59Z,51.2957,3.26131,4.406,13.86726,0,0,No Data,No Data
1645251122,2022-02-19T06:12:02Z,51.29542,3.26086,3.559,13.91145,0,0,No Data,No Data
1645251122,2022-02-19T06:12:02Z,51.29538,3.26077,3.327,13.91914,0,0,No Data,No Data
1645251133,2022-02-19T06:12:13Z,51.29457,3.25948,0.182,14.04641,0,0,No Data,No Data
1645251141,2022-02-19T06:12:21Z,51.29394,3.25845,0.0,14.14671,0,0,No Data,No Data
1645251143,2022-02-19T06:12:23Z,51.29371,3.25805,-0.186,14.18454,0,0,No Data,No Data
1645251146,2022-02-19T06:12:26Z,51.29345,3.25764,-0.716,14.22519,0,0,No Data,No Data
1645251149,2022-02-19T06:12:29Z,51.29321,3.2573,-0.648,14.26089,0,0,No Data,No Data
1645251157,2022-02-19T06:12:37Z,51.29261,3.25633,-0.297,14.35588,0,0,No Data,No Data
1645251160,2022-02-19T06:12:40Z,51.29233,3.25597,-0.461,14.39588,0,0,No Data,No Data
1645251161,2022-02-19T06:12:41Z,51.2922,3.25582,-0.281,14.41373,0,0,No Data,No Data
1645251168,2022-02-19T06:12:48Z,51.29167,3.25521,-0.495,14.48643,0,0,No Data,No Data
1645251170,2022-02-19T06:12:50Z,51.29137,3.25494,-1.0,14.52476,0,0,No Data,No Data
1645251173,2022-02-19T06:12:53Z,51.29109,3.2547,-1.0,14.56013,0,0,No Data,No Data
1645251177,2022-02-19T06:12:57Z,51.29068,3.25446,-0.567,14.60874,0,0,No Data,No Data
1645251182,2022-02-19T06:13:02Z,51.29014,3.25423,0.727,14.67095,0,0,No Data,No Data
1645251186,2022-02-19T06:13:06Z,51.28972,3.25399,0.983,14.7206,0,0,No Data,No Data
1645251190,2022-02-19T06:13:10Z,51.28931,3.25365,1.101,14.77202,0,0,No Data,No Data
1645251195,2022-02-19T06:13:15Z,51.2889,3.25322,0.772,14.82661,0,0,No Data,No Data
1645251199,2022-02-19T06:13:19Z,51.28854,3.25275,0.126,14.87835,0,0,No Data,No Data
1645251200,2022-02-19T06:13:20Z,51.28839,3.25249,-0.068,14.90298,0,0,No Data,No Data
1645251202,2022-02-19T06:13:22Z,51.28819,3.25221,-0.112,14.93257,0,0,No Data,No Data
1645251216,2022-02-19T06:13:36Z,51.28723,3.25047,0.183,15.09412,0,0,No Data,No Data
1645251221,2022-02-19T06:13:41Z,51.2869,3.24985,0.0,15.15081,0,0,No Data,No Data
1645251223,2022-02-19T06:13:43Z,51.28673,3.24942,0.0,15.18623,0,0,No Data,No Data
1645251228,2022-02-19T06:13:48Z,51.28648,3.24873,0.0,15.24175,0,0,No Data,No Data
1645251232,2022-02-19T06:13:52Z,51.28628,3.24807,0.169,15.29281,0,0,No Data,No Data
1645251241,2022-02-19T06:14:01Z,51.28596,3.24667,1.148,15.3966,0,0,No Data,No Data
1645251249,2022-02-19T06:14:09Z,51.28568,3.24528,0.57,15.49828,0,0,No Data,No Data
1645251272,2022-02-19T06:14:32Z,51.28476,3.24176,1.456,15.76392,0,0,No Data,No Data
1645251274,2022-02-19T06:14:34Z,51.28467,3.2414,1.141,15.79092,0,0,No Data,No Data
1645251300,2022-02-19T06:15:00Z,51.28366,3.23758,-0.038,16.0797,0,0,No Data,No Data
1645251309,2022-02-19T06:15:09Z,51.2833,3.23627,1.979,16.17934,0,0,No Data,No Data
1645251313,2022-02-19T06:15:13Z,51.28304,3.23565,1.637,16.23132,0,0,No Data,No Data
1645251317,2022-02-19T06:15:17Z,51.28274,3.23513,0.913,16.28058,0,0,No Data,No Data
1645251318,2022-02-19T06:15:18Z,51.28257,3.23492,0.916,16.3045,0,0,No Data,No Data
1645251322,2022-02-19T06:15:22Z,51.28221,3.23455,1.536,16.35215,0,0,No Data,No Data
1645251322,2022-02-19T06:15:22Z,51.28212,3.23449,1.735,16.36301,0,0,No Data,No Data
1645251323,2022-02-19T06:15:23Z,51.28193,3.23436,2.209,16.38602,0,0,No Data,No Data
1645251335,2022-02-19T06:15:35Z,51.28079,3.23363,2.967,16.52274,0,0,No Data,No Data
1645251342,2022-02-19T06:15:42Z,51.28012,3.23318,1.986,16.60365,0,0,No Data,No Data
1645251344,2022-02-19T06:15:44Z,51.27991,3.23298,1.622,16.63086,0,0,No Data,No Data
1645251348,2022-02-19T06:15:48Z,51.27954,3.23262,1.617,16.67908,0,0,No Data,No Data
1645251348,2022-02-19T06:15:48Z,51.27949,3.23255,1.635,16.68648,0,0,No Data,No Data
1645251348,2022-02-19T06:15:48Z,51.27949,3.23255,1.635,16.68648,0,0,No Data,No Data
1645251348,2022-02-19T06:15:48Z,51.27949,3.23255,1.635,16.68648,0,0,No Data,No Data
1645251368,2022-02-19T06:16:08Z,51.27789,3.23054,3.746,16.91303,0,0,No Data,No Data
1645251371,2022-02-19T06:16:11Z,51.27761,3.23022,3.687,16.95135,0,0,No Data,No Data
1645251380,2022-02-19T06:16:20Z,51.27688,3.22938,2.256,17.05149,0,0,No Data,No Data
1645251382,2022-02-19T06:16:22Z,51.27665,3.2291,1.94,17.08368,0,0,No Data,No Data
1645251385,2022-02-19T06:16:25Z,51.27639,3.22884,1.94,17.11782,0,0,No Data,No Data
1645251390,2022-02-19T06:16:30Z,51.2759,3.22837,1.964,17.18144,0,0,No Data,No Data
1645251390,2022-02-19T06:16:30Z,51.2759,3.22837,1.964,17.18144,0,0,No Data,No Data
1645251393,2022-02-19T06:16:33Z,51.2756,3.22809,2.758,17.22011,0,0,No Data,No Data
1645251395,2022-02-19T06:16:35Z,51.2754,3.22786,3.265,17.24754,0,0,No Data,No Data
1645251395,2022-02-19T06:16:35Z,51.27532,3.22773,3.402,17.26024,0,0,No Data,No Data
1645251395,2022-02-19T06:16:35Z,51.27523,3.22758,3.518,17.27472,0,0,No Data,No Data
1645251396,2022-02-19T06:16:36Z,51.27515,3.22741,3.443,17.28954,0,0,No Data,No Data
1645251399,2022-02-19T06:16:39Z,51.27493,3.22693,2.831,17.33098,0,0,No Data,No Data
1645251407,2022-02-19T06:16:47Z,51.2745,3.2259,3.432,17.41722,0,0,No Data,No Data
1645251409,2022-02-19T06:16:49Z,51.27433,3.22556,4.145,17.44753,0,0,No Data,No Data
1645251409,2022-02-19T06:16:49Z,51.27422,3.22539,4.348,17.46456,0,0,No Data,No Data
1645251412,2022-02-19T06:16:52Z,51.27397,3.22509,3.872,17.49936,0,0,No Data,No Data
1645251413,2022-02-19T06:16:53Z,51.27382,3.22494,3.542,17.51906,0,0,No Data,No Data
1645251413,2022-02-19T06:16:53Z,51.27371,3.22485,3.371,17.53282,0,0,No Data,No Data
1645251413,2022-02-19T06:16:53Z,51.2736,3.22479,3.239,17.54576,0,0,No Data,No Data
1645251414,2022-02-19T06:16:54Z,51.27349,3.22472,3.125,17.55894,0,0,No Data,No Data
1645251422,2022-02-19T06:17:02Z,51.27274,3.22432,3.712,17.64696,0,0,No Data,No Data
1645251422,2022-02-19T06:17:02Z,51.27264,3.22425,3.832,17.65911,0,0,No Data,No Data
1645251422,2022-02-19T06:17:02Z,51.27249,3.22419,3.976,17.67632,0,0,No Data,No Data
1645251422,2022-02-19T06:17:02Z,51.2724,3.22417,3.76,17.68644,0,0,No Data,No Data
1645251423,2022-02-19T06:17:03Z,51.27227,3.22417,3.449,17.70091,0,0,No Data,No Data
1645251423,2022-02-19T06:17:03Z,51.27227,3.2241,3.354,17.70578,0,0,No Data,No Data
1645251424,2022-02-19T06:17:04Z,51.27225,3.22391,3.061,17.7192,0,0,No Data,No Data
1645251424,2022-02-19T06:17:04Z,51.27218,3.22369,2.747,17.73639,0,0,No Data,No Data
1645251425,2022-02-19T06:17:05Z,51.27218,3.2235,2.554,17.74962,0,0,No Data,No Data
1645251430,2022-02-19T06:17:10Z,51.27231,3.22258,2.022,17.81531,0,0,No Data,No Data
1645251431,2022-02-19T06:17:11Z,51.27231,3.22228,1.94,17.8362,0,0,No Data,No Data
1645251431,2022-02-19T06:17:11Z,51.27231,3.22215,1.904,17.84525,0,0,No Data,No Data
1645251431,2022-02-19T06:17:11Z,51.27229,3.22202,1.855,17.85457,0,0,No Data,No Data
1645251431,2022-02-19T06:17:11Z,51.27227,3.22191,1.805,17.86255,0,0,No Data,No Data
1645251440,2022-02-19T06:17:20Z,51.27188,3.22065,1.476,17.96046,0,0,No Data,No Data
1645251452,2022-02-19T06:17:32Z,51.27135,3.21884,3.24,18.09965,0,0,No Data,No Data
1645251452,2022-02-19T06:17:32Z,51.27131,3.21867,3.144,18.1123,0,0,No Data,No Data
1645251457,2022-02-19T06:17:37Z,51.27107,3.21794,2.568,18.16974,0,0,No Data,No Data
1645251470,2022-02-19T06:17:50Z,51.27049,3.21599,2.033,18.32013,0,0,No Data,No Data
1645251471,2022-02-19T06:17:51Z,51.2704,3.21567,2.29,18.34457,0,0,No Data,No Data
1645251471,2022-02-19T06:17:51Z,51.2704,3.2155,2.592,18.35641,0,0,No Data,No Data
1645251472,2022-02-19T06:17:52Z,51.27047,3.21532,2.963,18.37117,0,0,No Data,No Data
1645251472,2022-02-19T06:17:52Z,51.27036,3.21526,2.985,18.38411,0,0,No Data,No Data
1645251472,2022-02-19T06:17:52Z,51.27036,3.21526,2.985,18.38411,0,0,No Data,No Data
1645251472,2022-02-19T06:17:52Z,51.27032,3.2152,3.052,18.39022,0,0,No Data,No Data
1645251475,2022-02-19T06:17:55Z,51.27017,3.2147,3.564,18.42884,0,0,No Data,No Data
1645251475,2022-02-19T06:17:55Z,51.2701,3.21457,3.636,18.44079,0,0,No Data,No Data
1645251475,2022-02-19T06:17:55Z,51.27004,3.21447,3.684,18.45044,0,0,No Data,No Data
1645251476,2022-02-19T06:17:56Z,51.26991,3.21432,3.708,18.46829,0,0,No Data,No Data
1645251476,2022-02-19T06:17:56Z,51.26987,3.21429,3.696,18.47321,0,0,No Data,No Data
1645251476,2022-02-19T06:17:56Z,51.2698,3.21423,3.684,18.48205,0,0,No Data,No Data
1645251476,2022-02-19T06:17:56Z,51.26972,3.21419,3.636,18.49138,0,0,No Data,No Data
1645251476,2022-02-19T06:17:56Z,51.26961,3.21414,3.483,18.50411,0,0,No Data,No Data
1645251477,2022-02-19T06:17:57Z,51.26948,3.21414,3.332,18.51858,0,0,No Data,No Data
1645251478,2022-02-19T06:17:58Z,51.26931,3.21417,3.168,18.53762,0,0,No Data,No Data
1645251481,2022-02-19T06:18:01Z,51.26892,3.21432,2.629,18.58228,0,0,No Data,No Data
1645251506,2022-02-19T06:18:26Z,51.26643,3.21496,3.377,18.86305,0,0,No Data,No Data
1645251506,2022-02-19T06:18:26Z,51.26643,3.21496,3.377,18.86305,0,0,No Data,No Data
1645251506,2022-02-19T06:18:26Z,51.26643,3.21496,3.377,18.86305,0,0,No Data,No Data
1645251520,2022-02-19T06:18:40Z,51.26504,3.21532,5.114,19.01982,0,0,No Data,No Data
1645251658,2022-02-19T06:20:58Z,51.25133,3.2188,2.56,20.56528,0,0,No Data,No Data
1645251674,2022-02-19T06:21:14Z,51.2498,3.21919,3.194,20.73777,0,0,No Data,No Data
1645251682,2022-02-19T06:21:22Z,51.24897,3.2194,5.908,20.83132,0,0,No Data,No Data
1645251705,2022-02-19T06:21:45Z,51.24663,3.21998,4.89,21.09495,0,0,No Data,No Data
1645251705,2022-02-19T06:21:45Z,51.24663,3.21998,4.89,21.09495,0,0,No Data,No Data
1645251759,2022-02-19T06:22:39Z,51.24124,3.22135,5.177,21.70256,0,0,No Data,No Data
1645251810,2022-02-19T06:23:30Z,51.2362,3.22264,5.346,22.27082,0,0,No Data,No Data
1645251830,2022-02-19T06:23:50Z,51.23414,3.22318,4.322,22.50323,0,0,No Data,No Data
1645251843,2022-02-19T06:24:03Z,51.23285,3.2235,2.096,22.64857,0,0,No Data,No Data
1645251845,2022-02-19T06:24:05Z,51.23257,3.22359,2.274,22.68037,0,0,No Data,No Data
1645251845,2022-02-19T06:24:05Z,51.23245,3.22363,2.232,22.69402,0,0,No Data,No Data
1645251846,2022-02-19T06:24:06Z,51.23232,3.22369,1.989,22.70909,0,0,No Data,No Data
1645251846,2022-02-19T06:24:06Z,51.23221,3.22378,1.792,22.72285,0,0,No Data,No Data
1645251847,2022-02-19T06:24:07Z,51.2321,3.22391,1.652,22.73809,0,0,No Data,No Data
1645251847,2022-02-19T06:24:07Z,51.23202,3.22404,1.617,22.7508,0,0,No Data,No Data
1645251850,2022-02-19T06:24:10Z,51.2318,3.22444,1.564,22.78791,0,0,No Data,No Data
1645251854,2022-02-19T06:24:14Z,51.23152,3.22509,0.637,22.84291,0,0,No Data,No Data
1645251858,2022-02-19T06:24:18Z,51.23131,3.22567,1.552,22.88962,0,0,No Data,No Data
1645251858,2022-02-19T06:24:18Z,51.23127,3.22574,1.728,22.89623,0,0,No Data,No Data
1645251858,2022-02-19T06:24:18Z,51.23127,3.22574,1.728,22.89623,0,0,No Data,No Data
1645251858,2022-02-19T06:24:18Z,51.23127,3.22574,1.728,22.89623,0,0,No Data,No Data
1645251858,2022-02-19T06:24:18Z,51.23122,3.22584,2.005,22.90515,0,0,No Data,No Data
1645251858,2022-02-19T06:24:18Z,51.23116,3.22595,2.115,22.91532,0,0,No Data,No Data
1645251858,2022-02-19T06:24:18Z,51.23107,3.22603,2.271,22.92679,0,0,No Data,No Data
1645251858,2022-02-19T06:24:18Z,51.23099,3.22608,2.425,22.93635,0,0,No Data,No Data
1645251887,2022-02-19T06:24:47Z,51.22809,3.2268,3.113,23.26308,0,0,No Data,No Data
1645251893,2022-02-19T06:24:53Z,51.22745,3.22698,2.963,23.33543,0,0,No Data,No Data
1645251895,2022-02-19T06:24:55Z,51.22717,3.22702,2.772,23.36673,0,0,No Data,No Data
1645251898,2022-02-19T06:24:58Z,51.22689,3.22698,2.543,23.39803,0,0,No Data,No Data
1645251898,2022-02-19T06:24:58Z,51.22678,3.22695,2.43,23.41045,0,0,No Data,No Data
1645251900,2022-02-19T06:25:00Z,51.22654,3.22702,2.512,23.43761,0,0,No Data,No Data
1645251900,2022-02-19T06:25:00Z,51.22642,3.22706,2.628,23.45126,0,0,No Data,No Data
1645251903,2022-02-19T06:25:03Z,51.22605,3.22715,2.891,23.49293,0,0,No Data,No Data
1645251909,2022-02-19T06:25:09Z,51.22541,3.22732,2.89,23.56516,0,0,No Data,No Data
1645251910,2022-02-19T06:25:10Z,51.22524,3.22732,2.846,23.58409,0,0,No Data,No Data
1645251910,2022-02-19T06:25:10Z,51.22515,3.2273,2.803,23.59421,0,0,No Data,No Data
1645251910,2022-02-19T06:25:10Z,51.22509,3.22728,2.765,23.60103,0,0,No Data,No Data
1645251910,2022-02-19T06:25:10Z,51.22502,3.22723,2.684,23.60957,0,0,No Data,No Data
1645251912,2022-02-19T06:25:12Z,51.22472,3.22704,2.969,23.6455,0,0,No Data,No Data
1645251913,2022-02-19T06:25:13Z,51.2246,3.22696,3.143,23.65998,0,0,No Data,No Data
1645251913,2022-02-19T06:25:13Z,51.2246,3.22696,3.143,23.65998,0,0,No Data,No Data
1645251913,2022-02-19T06:25:13Z,51.2246,3.22696,3.143,23.65998,0,0,No Data,No Data
1645251913,2022-02-19T06:25:13Z,51.22453,3.22691,3.255,23.66852,0,0,No Data,No Data
1645251913,2022-02-19T06:25:13Z,51.22453,3.22691,3.255,23.66852,0,0,No Data,No Data
1645251913,2022-02-19T06:25:13Z,51.22447,3.22689,3.37,23.67534,0,0,No Data,No Data
1645251913,2022-02-19T06:25:13Z,51.22447,3.22689,3.37,23.67534,0,0,No Data,No Data
1645251914,2022-02-19T06:25:14Z,51.22429,3.22687,3.74,23.69543,0,0,No Data,No Data
1645251915,2022-02-19T06:25:15Z,51.22414,3.22696,3.979,23.71327,0,0,No Data,No Data
1645251916,2022-02-19T06:25:16Z,51.22401,3.22709,3.908,23.73035,0,0,No Data,No Data
1645251916,2022-02-19T06:25:16Z,51.22395,3.22727,3.928,23.74457,0,0,No Data,No Data
1645251921,2022-02-19T06:25:21Z,51.2244,3.22779,3.72,23.80641,0,0,No Data,No Data
1645251921,2022-02-19T06:25:21Z,51.2244,3.22779,3.72,23.80641,0,0,No Data,No Data
1645251921,2022-02-19T06:25:21Z,51.2244,3.22779,3.72,23.80641,0,0,No Data,No Data
1645251921,2022-02-19T06:25:21Z,51.2244,3.22779,3.72,23.80641,0,0,No Data,No Data
1645251922,2022-02-19T06:25:22Z,51.22451,3.22794,3.588,23.82251,0,0,No Data,No Data
1645251923,2022-02-19T06:25:23Z,51.22466,3.22811,3.408,23.84299,0,0,No Data,No Data
1645251924,2022-02-19T06:25:24Z,51.22481,3.22822,3.228,23.86137,0,0,No Data,No Data
1645251924,2022-02-19T06:25:24Z,51.22487,3.22826,3.156,23.86861,0,0,No Data,No Data
1645251925,2022-02-19T06:25:25Z,51.22506,3.22833,3.0,23.89032,0,0,No Data,No Data
1645251925,2022-02-19T06:25:25Z,51.22517,3.22833,3.0,23.90257,0,0,No Data,No Data
1645251925,2022-02-19T06:25:25Z,51.2253,3.22831,3.0,23.91711,0,0,No Data,No Data
1645251927,2022-02-19T06:25:27Z,51.22551,3.22822,3.0,23.94132,0,0,No Data,No Data
1645251928,2022-02-19T06:25:28Z,51.22573,3.22816,3.0,23.96617,0,0,No Data,No Data
1645251928,2022-02-19T06:25:28Z,51.22573,3.22816,3.0,23.96617,0,0,No Data,No Data
1645251934,2022-02-19T06:25:34Z,51.22633,3.22798,3.0,24.03414,0,0,No Data,No Data
1645251940,2022-02-19T06:25:40Z,51.22691,3.22794,3.0,24.09877,0,0,No Data,No Data
1645251941,2022-02-19T06:25:41Z,51.22708,3.22792,3.0,24.11775,0,0,No Data,No Data
1645251941,2022-02-19T06:25:41Z,51.22717,3.22792,3.0,24.12777,0,0,No Data,No Data
1645251946,2022-02-19T06:25:46Z,51.22775,3.22788,3.3,24.1924,0,0,No Data,No Data
1645251951,2022-02-19T06:25:51Z,51.2283,3.22783,3.96,24.25373,0,0,No Data,No Data
1645251951,2022-02-19T06:25:51Z,51.22837,3.22783,3.956,24.26152,0,0,No Data,No Data
1645251951,2022-02-19T06:25:51Z,51.22837,3.22783,3.956,24.26152,0,0,No Data,No Data
1645251952,2022-02-19T06:25:52Z,51.22856,3.22781,3.728,24.28272,0,0,No Data,No Data
1645251956,2022-02-19T06:25:56Z,51.22899,3.22783,3.212,24.33061,0,0,No Data,No Data
1645251956,2022-02-19T06:25:56Z,51.22903,3.22783,3.164,24.33506,0,0,No Data,No Data
1645251956,2022-02-19T06:25:56Z,51.22903,3.22783,3.164,24.33506,0,0,No Data,No Data
1645251958,2022-02-19T06:25:58Z,51.22923,3.22783,2.924,24.35733,0,0,No Data,No Data
1645251961,2022-02-19T06:26:01Z,51.22963,3.22792,2.444,24.4023,0,0,No Data,No Data
1645251961,2022-02-19T06:26:01Z,51.22963,3.22792,2.444,24.4023,0,0,No Data,No Data
1645251961,2022-02-19T06:26:01Z,51.22976,3.22796,2.288,24.41704,0,0,No Data,No Data
1645251961,2022-02-19T06:26:01Z,51.22976,3.22796,2.288,24.41704,0,0,No Data,No Data
1645251963,2022-02-19T06:26:03Z,51.23002,3.22805,2.048,24.44666,0,0,No Data,No Data
1645251963,2022-02-19T06:26:03Z,51.23002,3.22805,2.048,24.44666,0,0,No Data,No Data
1645251963,2022-02-19T06:26:03Z,51.23002,3.22805,2.048,24.44666,0,0,No Data,No Data
1645251963,2022-02-19T06:26:03Z,51.23002,3.22805,2.048,24.44666,0,0,No Data,No Data
1645251963,2022-02-19T06:26:03Z,51.23002,3.22805,2.048,24.44666,0,0,No Data,No Data
1645251964,2022-02-19T06:26:04Z,51.23017,3.22809,2.408,24.46359,0,0,No Data,No Data
1645251964,2022-02-19T06:26:04Z,51.23021,3.22809,2.504,24.46804,0,0,No Data,No Data
1645251964,2022-02-19T06:26:04Z,51.23026,3.22811,2.624,24.47378,0,0,No Data,No Data
1645251964,2022-02-19T06:26:04Z,51.23036,3.22816,2.864,24.48545,0,0,No Data,No Data
1645251965,2022-02-19T06:26:05Z,51.23054,3.22822,3.296,24.50592,0,0,No Data,No Data
1645251965,2022-02-19T06:26:05Z,51.2306,3.22824,3.44,24.51274,0,0,No Data,No Data
1645251966,2022-02-19T06:26:06Z,51.23073,3.22831,3.752,24.52801,0,0,No Data,No Data
1645251966,2022-02-19T06:26:06Z,51.23075,3.22833,3.8,24.53064,0,0,No Data,No Data
1645251967,2022-02-19T06:26:07Z,51.2309,3.22844,4.038,24.54902,0,0,No Data,No Data
1645251970,2022-02-19T06:26:10Z,51.23124,3.22867,3.719,24.59013,0,0,No Data,No Data
1645251970,2022-02-19T06:26:10Z,51.23124,3.22867,3.719,24.59013,0,0,No Data,No Data
1645251970,2022-02-19T06:26:10Z,51.23127,3.22869,3.68,24.59375,0,0,No Data,No Data
1645251975,2022-02-19T06:26:15Z,51.23174,3.2291,2.912,24.65337,0,0,No Data,No Data
1645251975,2022-02-19T06:26:15Z,51.23182,3.22914,2.816,24.6627,0,0,No Data,No Data
1645251976,2022-02-19T06:26:16Z,51.23195,3.22925,2.594,24.67908,0,0,No Data,No Data
1645251976,2022-02-19T06:26:16Z,51.2321,3.22934,2.38,24.69692,0,0,No Data,No Data
1645251979,2022-02-19T06:26:19Z,51.23238,3.22949,2.088,24.7298,0,0,No Data,No Data
1645251986,2022-02-19T06:26:26Z,51.23309,3.22983,2.0,24.81232,0,0,No Data,No Data
1645251987,2022-02-19T06:26:27Z,51.23328,3.22994,2.0,24.83482,0,0,No Data,No Data
1645251990,2022-02-19T06:26:30Z,51.23358,3.23015,2.147,24.87129,0,0,No Data,No Data
1645251993,2022-02-19T06:26:33Z,51.23386,3.23041,1.74,24.90735,0,0,No Data,No Data
1645251998,2022-02-19T06:26:38Z,51.2344,3.2309,0.64,24.97649,0,0,No Data,No Data
1645252004,2022-02-19T06:26:44Z,51.23491,3.23138,2.44,25.04239,0,0,No Data,No Data
1645252008,2022-02-19T06:26:48Z,51.2353,3.23165,3.34,25.08971,0,0,No Data,No Data
1645252010,2022-02-19T06:26:50Z,51.2356,3.23183,4.167,25.12539,0,0,No Data,No Data
1645252013,2022-02-19T06:26:53Z,51.23588,3.23193,4.597,25.15733,0,0,No Data,No Data
1645252020,2022-02-19T06:27:00Z,51.23665,3.23223,4.027,25.24557,0,0,No Data,No Data
1645252021,2022-02-19T06:27:01Z,51.23682,3.23228,3.681,25.26481,0,0,No Data,No Data
1645252029,2022-02-19T06:27:09Z,51.23762,3.23258,2.144,25.3563,0,0,No Data,No Data
1645252034,2022-02-19T06:27:14Z,51.23809,3.23264,2.708,25.40879,0,0,No Data,No Data
1645252037,2022-02-19T06:27:17Z,51.23852,3.23264,2.776,25.45666,0,0,No Data,No Data
1645252040,2022-02-19T06:27:20Z,51.23884,3.2326,2.392,25.49239,0,0,No Data,No Data
1645252045,2022-02-19T06:27:25Z,51.2394,3.23245,2.45,25.5556,0,0,No Data,No Data
1645252053,2022-02-19T06:27:33Z,51.24019,3.23208,2.555,25.64725,0,0,No Data,No Data
1645252059,2022-02-19T06:27:39Z,51.24075,3.23187,3.456,25.71129,0,0,No Data,No Data
1645252062,2022-02-19T06:27:42Z,51.24114,3.2318,4.039,25.75498,0,0,No Data,No Data
1645252079,2022-02-19T06:27:59Z,51.24294,3.23148,2.181,25.95661,0,0,No Data,No Data
1645252082,2022-02-19T06:28:02Z,51.24328,3.2314,1.727,25.99487,0,0,No Data,No Data
1645252094,2022-02-19T06:28:14Z,51.24448,3.23107,4.022,26.13043,0,0,No Data,No Data
1645252096,2022-02-19T06:28:16Z,51.24478,3.23099,4.637,26.16429,0,0,No Data,No Data
1645252100,2022-02-19T06:28:20Z,51.24517,3.23095,4.155,26.2078,0,0,No Data,No Data
1645252104,2022-02-19T06:28:24Z,51.24566,3.2309,1.769,26.26246,0,0,No Data,No Data
1645252107,2022-02-19T06:28:27Z,51.24605,3.23086,1.228,26.30597,0,0,No Data,No Data
1645252126,2022-02-19T06:28:46Z,51.248,3.23065,3.156,26.52355,0,0,No Data,No Data
1645252133,2022-02-19T06:28:53Z,51.24867,3.23067,3.558,26.59815,0,0,No Data,No Data
1645252133,2022-02-19T06:28:53Z,51.24875,3.23065,3.5,26.60717,0,0,No Data,No Data
1645252134,2022-02-19T06:28:54Z,51.2489,3.23062,3.412,26.624,0,0,No Data,No Data
1645252135,2022-02-19T06:28:55Z,51.24903,3.2306,3.352,26.63854,0,0,No Data,No Data
1645252135,2022-02-19T06:28:55Z,51.24918,3.23056,3.307,26.65547,0,0,No Data,No Data
1645252135,2022-02-19T06:28:55Z,51.2492,3.23056,3.275,26.6577,0,0,No Data,No Data
1645252135,2022-02-19T06:28:55Z,51.24935,3.23052,3.073,26.67463,0,0,No Data,No Data
1645252141,2022-02-19T06:29:01Z,51.24991,3.23028,2.18,26.73918,0,0,No Data,No Data
1645252147,2022-02-19T06:29:07Z,51.25058,3.23009,2.075,26.81494,0,0,No Data,No Data
1645252151,2022-02-19T06:29:11Z,51.25103,3.22996,1.716,26.86585,0,0,No Data,No Data
1645252155,2022-02-19T06:29:15Z,51.25144,3.22983,1.068,26.91239,0,0,No Data,No Data
1645252165,2022-02-19T06:29:25Z,51.25249,3.22951,0.412,27.03139,0,0,No Data,No Data
1645252172,2022-02-19T06:29:32Z,51.25319,3.22925,0.845,27.1114,0,0,No Data,No Data
1645252177,2022-02-19T06:29:37Z,51.25369,3.22908,1.045,27.16831,0,0,No Data,No Data
1645252184,2022-02-19T06:29:44Z,51.2544,3.22882,1.976,27.2494,0,0,No Data,No Data
1645252193,2022-02-19T06:29:53Z,51.25534,3.2285,3.8,27.3564,0,0,No Data,No Data
1645252195,2022-02-19T06:29:55Z,51.25553,3.22844,3.872,27.37796,0,0,No Data,No Data
1645252197,2022-02-19T06:29:57Z,51.25581,3.22833,3.996,27.41006,0,0,No Data,No Data
1645252201,2022-02-19T06:30:01Z,51.25627,3.22808,3.537,27.46415,0,0,No Data,No Data
1645252201,2022-02-19T06:30:01Z,51.25627,3.22808,3.537,27.46415,0,0,No Data,No Data
1645252201,2022-02-19T06:30:01Z,51.25627,3.22808,3.537,27.46415,0,0,No Data,No Data
1645252201,2022-02-19T06:30:01Z,51.25637,3.22803,3.402,27.47582,0,0,No Data,No Data
1645252203,2022-02-19T06:30:03Z,51.25661,3.22783,2.833,27.50595,0,0,No Data,No Data
1645252207,2022-02-19T06:30:07Z,51.25701,3.22747,1.524,27.55706,0,0,No Data,No Data
1645252213,2022-02-19T06:30:13Z,51.25751,3.22687,1.009,27.62667,0,0,No Data,No Data
1645252224,2022-02-19T06:30:24Z,51.25837,3.2256,1.421,27.75704,0,0,No Data,No Data
1645252232,2022-02-19T06:30:32Z,51.25895,3.22479,0.74,27.8428,0,0,No Data,No Data
1645252237,2022-02-19T06:30:37Z,51.25937,3.22434,1.0,27.8991,0,0,No Data,No Data
1645252241,2022-02-19T06:30:41Z,51.25976,3.22399,1.061,27.9489,0,0,No Data,No Data
1645252242,2022-02-19T06:30:42Z,51.25998,3.22384,1.009,27.97553,0,0,No Data,No Data
1645252251,2022-02-19T06:30:51Z,51.26092,3.22329,0.104,28.08697,0,0,No Data,No Data
1645252264,2022-02-19T06:31:04Z,51.26214,3.22264,0.905,28.23014,0,0,No Data,No Data
1645252267,2022-02-19T06:31:07Z,51.26249,3.22253,0.964,28.26985,0,0,No Data,No Data
1645252268,2022-02-19T06:31:08Z,51.2627,3.22249,0.988,28.29339,0,0,No Data,No Data
1645252269,2022-02-19T06:31:09Z,51.26287,3.22245,0.94,28.31252,0,0,No Data,No Data
1645252273,2022-02-19T06:31:13Z,51.2633,3.22241,0.892,28.36047,0,0,No Data,No Data
1645252282,2022-02-19T06:31:22Z,51.26429,3.22241,1.108,28.47069,0,0,No Data,No Data
1645252289,2022-02-19T06:31:29Z,51.26506,3.22241,1.116,28.55641,0,0,No Data,No Data
1645252291,2022-02-19T06:31:31Z,51.26528,3.22238,1.192,28.58099,0,0,No Data,No Data
1645252294,2022-02-19T06:31:34Z,51.26562,3.2223,1.419,28.61925,0,0,No Data,No Data
1645252294,2022-02-19T06:31:34Z,51.2657,3.22228,1.486,28.62826,0,0,No Data,No Data
1645252295,2022-02-19T06:31:35Z,51.26596,3.22223,1.903,28.65741,0,0,No Data,No Data
1645252298,2022-02-19T06:31:38Z,51.26628,3.22221,2.581,28.69306,0,0,No Data,No Data
1645252300,2022-02-19T06:31:40Z,51.26654,3.22223,3.069,28.72204,0,0,No Data,No Data
1645252305,2022-02-19T06:31:45Z,51.26706,3.22236,3.561,28.78064,0,0,No Data,No Data
1645252309,2022-02-19T06:31:49Z,51.26746,3.22258,3.76,28.82773,0,0,No Data,No Data
1645252310,2022-02-19T06:31:50Z,51.2677,3.22273,3.407,28.85642,0,0,No Data,No Data
1645252311,2022-02-19T06:31:51Z,51.26781,3.22281,3.299,28.86987,0,0,No Data,No Data
1645252315,2022-02-19T06:31:55Z,51.26822,3.22311,3.569,28.92007,0,0,No Data,No Data
1645252316,2022-02-19T06:31:56Z,51.26839,3.22324,3.888,28.94105,0,0,No Data,No Data
1645252316,2022-02-19T06:31:56Z,51.26843,3.22326,3.912,28.94572,0,0,No Data,No Data
1645252328,2022-02-19T06:32:08Z,51.2695,3.22408,3.958,29.07783,0,0,No Data,No Data
1645252328,2022-02-19T06:32:08Z,51.26965,3.22417,3.998,29.09567,0,0,No Data,No Data
1645252330,2022-02-19T06:32:10Z,51.26985,3.22423,3.986,29.11832,0,0,No Data,No Data
1645252331,2022-02-19T06:32:11Z,51.27004,3.22425,4.0,29.13952,0,0,No Data,No Data
1645252338,2022-02-19T06:32:18Z,51.27079,3.22425,4.0,29.22302,0,0,No Data,No Data
1645252340,2022-02-19T06:32:20Z,51.27104,3.22424,3.526,29.25086,0,0,No Data,No Data
1645252340,2022-02-19T06:32:20Z,51.27104,3.22424,3.526,29.25086,0,0,No Data,No Data
1645252340,2022-02-19T06:32:20Z,51.27104,3.22424,3.526,29.25086,0,0,No Data,No Data
1645252345,2022-02-19T06:32:25Z,51.27158,3.22423,2.276,29.31098,0,0,No Data,No Data
1645252345,2022-02-19T06:32:25Z,51.27167,3.22423,2.084,29.321,0,0,No Data,No Data
1645252351,2022-02-19T06:32:31Z,51.27227,3.22417,3.449,29.38793,0,0,No Data,No Data
1645252351,2022-02-19T06:32:31Z,51.2724,3.22417,3.76,29.4024,0,0,No Data,No Data
1645252351,2022-02-19T06:32:31Z,51.27249,3.22419,3.976,29.41252,0,0,No Data,No Data
1645252352,2022-02-19T06:32:32Z,51.27264,3.22425,3.832,29.42973,0,0,No Data,No Data
1645252352,2022-02-19T06:32:32Z,51.27274,3.22432,3.712,29.44188,0,0,No Data,No Data
1645252360,2022-02-19T06:32:40Z,51.27349,3.22472,3.125,29.5299,0,0,No Data,No Data
1645252360,2022-02-19T06:32:40Z,51.2736,3.22479,3.239,29.54308,0,0,No Data,No Data
1645252360,2022-02-19T06:32:40Z,51.27371,3.22485,3.371,29.55602,0,0,No Data,No Data
1645252361,2022-02-19T06:32:41Z,51.27382,3.22494,3.542,29.56978,0,0,No Data,No Data
1645252362,2022-02-19T06:32:42Z,51.27397,3.22509,3.872,29.58948,0,0,No Data,No Data
1645252364,2022-02-19T06:32:44Z,51.27422,3.22539,4.348,29.62428,0,0,No Data,No Data
1645252365,2022-02-19T06:32:45Z,51.27433,3.22556,4.145,29.64131,0,0,No Data,No Data
1645252367,2022-02-19T06:32:47Z,51.2745,3.2259,3.432,29.67162,0,0,No Data,No Data
1645252375,2022-02-19T06:32:55Z,51.27493,3.22693,2.831,29.75786,0,0,No Data,No Data
1645252378,2022-02-19T06:32:58Z,51.27515,3.22741,3.443,29.7993,0,0,No Data,No Data
1645252378,2022-02-19T06:32:58Z,51.27523,3.22758,3.518,29.81412,0,0,No Data,No Data
1645252378,2022-02-19T06:32:58Z,51.27515,3.22768,3.817,29.82543,0,0,No Data,No Data
1645252378,2022-02-19T06:32:58Z,51.27512,3.22775,3.969,29.83134,0,0,No Data,No Data
1645252383,2022-02-19T06:33:03Z,51.27508,3.22863,4.746,29.89279,0,0,No Data,No Data
1645252384,2022-02-19T06:33:04Z,51.27506,3.22894,4.836,29.91449,0,0,No Data,No Data
1645252384,2022-02-19T06:33:04Z,51.27506,3.22894,4.836,29.91449,0,0,No Data,No Data
1645252384,2022-02-19T06:33:04Z,51.27506,3.22894,4.836,29.91449,0,0,No Data,No Data
1645252384,2022-02-19T06:33:04Z,51.27506,3.22899,4.841,29.91797,0,0,No Data,No Data
1645252384,2022-02-19T06:33:04Z,51.27504,3.22925,5.004,29.93621,0,0,No Data,No Data
1645252385,2022-02-19T06:33:05Z,51.275,3.22951,5.412,29.95486,0,0,No Data,No Data
1645252388,2022-02-19T06:33:08Z,51.27489,3.23,6.0,29.99112,0,0,No Data,No Data
1645252388,2022-02-19T06:33:08Z,51.27487,3.23011,5.604,29.9991,0,0,No Data,No Data
1645252388,2022-02-19T06:33:08Z,51.27489,3.23024,5.136,30.00842,0,0,No Data,No Data
1645252388,2022-02-19T06:33:08Z,51.27493,3.23041,4.524,30.02107,0,0,No Data,No Data
1645252392,2022-02-19T06:33:12Z,51.27517,3.23112,3.274,30.07728,0,0,No Data,No Data
1645252392,2022-02-19T06:33:12Z,51.27517,3.23112,3.274,30.07728,0,0,No Data,No Data
1645252399,2022-02-19T06:33:19Z,51.27547,3.23204,4.323,30.14954,0,0,No Data,No Data
1645252403,2022-02-19T06:33:23Z,51.2757,3.23277,4.516,30.20646,0,0,No Data,No Data
1645252408,2022-02-19T06:33:28Z,51.2759,3.23346,3.64,30.25942,0,0,No Data,No Data
1645252427,2022-02-19T06:33:47Z,51.27673,3.2364,2.604,30.48406,0,0,No Data,No Data
1645252437,2022-02-19T06:33:57Z,51.27718,3.23794,2.181,30.60243,0,0,No Data,No Data
1645252453,2022-02-19T06:34:13Z,51.27787,3.24032,1.554,30.78511,0,0,No Data,No Data
1645252455,2022-02-19T06:34:15Z,51.27794,3.24064,2.174,30.80872,0,0,No Data,No Data
1645252458,2022-02-19T06:34:18Z,51.27804,3.24129,2.648,30.85534,0,0,No Data,No Data
1645252487,2022-02-19T06:34:47Z,51.27871,3.24582,1.55,31.17951,0,0,No Data,No Data
1645252490,2022-02-19T06:34:50Z,51.27879,3.24642,1.452,31.22223,0,0,No Data,No Data
1645252493,2022-02-19T06:34:53Z,51.27886,3.247,1.874,31.26337,0,0,No Data,No Data
1645252495,2022-02-19T06:34:55Z,51.27884,3.24736,2.404,31.28854,0,0,No Data,No Data
1645252495,2022-02-19T06:34:55Z,51.27884,3.24758,2.512,31.30386,0,0,No Data,No Data
1645252497,2022-02-19T06:34:57Z,51.27879,3.248,1.948,31.33363,0,0,No Data,No Data
1645252498,2022-02-19T06:34:58Z,51.27875,3.2482,1.66,31.34825,0,0,No Data,No Data
1645252499,2022-02-19T06:34:59Z,51.27869,3.24848,1.428,31.36886,0,0,No Data,No Data
1645252500,2022-02-19T06:35:00Z,51.27862,3.24876,1.344,31.38986,0,0,No Data,No Data
1645252502,2022-02-19T06:35:02Z,51.27849,3.24919,1.183,31.42312,0,0,No Data,No Data
1645252503,2022-02-19T06:35:03Z,51.27841,3.2494,1.066,31.44024,0,0,No Data,No Data
1645252522,2022-02-19T06:35:22Z,51.27699,3.2517,0.264,31.66529,0,0,No Data,No Data
1645252525,2022-02-19T06:35:25Z,51.27672,3.25211,1.404,31.70675,0,0,No Data,No Data
1645252525,2022-02-19T06:35:25Z,51.27672,3.25211,1.404,31.70675,0,0,No Data,No Data
1645252525,2022-02-19T06:35:25Z,51.27672,3.25211,1.404,31.70675,0,0,No Data,No Data
1645252540,2022-02-19T06:35:40Z,51.27568,3.25376,2.264,31.86988,0,0,No Data,No Data
1645252540,2022-02-19T06:35:40Z,51.27568,3.25376,2.264,31.86988,0,0,No Data,No Data
1645252568,2022-02-19T06:36:08Z,51.27358,3.25706,-0.687,32.19772,0,0,No Data,No Data
1645252568,2022-02-19T06:36:08Z,51.27358,3.25706,-0.687,32.19772,0,0,No Data,No Data
1645252578,2022-02-19T06:36:18Z,51.27285,3.25822,-0.558,32.31232,0,0,No Data,No Data
1645252595,2022-02-19T06:36:35Z,51.27165,3.26015,0.976,32.50184,0,0,No Data,No Data
1645252611,2022-02-19T06:36:51Z,51.27049,3.26195,0.0,32.68183,0,0,No Data,No Data
1645252620,2022-02-19T06:37:00Z,51.26985,3.26303,1.158,32.78544,0,0,No Data,No Data
1645252674,2022-02-19T06:37:54Z,51.26598,3.26916,0.992,33.39203,0,0,No Data,No Data
1645252675,2022-02-19T06:37:55Z,51.26585,3.26903,0.836,33.4091,0,0,No Data,No Data
1645252679,2022-02-19T06:37:59Z,51.26547,3.2686,0.041,33.46094,0,0,No Data,No Data
1645252680,2022-02-19T06:38:00Z,51.2653,3.26843,-0.032,33.48327,0,0,No Data,No Data
1645252689,2022-02-19T06:38:09Z,51.26474,3.26946,-0.798,33.57832,0,0,No Data,No Data
1645252692,2022-02-19T06:38:12Z,51.26448,3.26985,-0.888,33.61802,0,0,No Data,No Data
1645252719,2022-02-19T06:38:39Z,51.26212,3.27238,-0.022,33.9344,0,0,No Data,No Data
1645252743,2022-02-19T06:39:03Z,51.26002,3.27414,0.022,34.19839,0,0,No Data,No Data
1645252761,2022-02-19T06:39:21Z,51.2583,3.27547,-2.92,34.41112,0,0,No Data,No Data
1645252766,2022-02-19T06:39:26Z,51.25774,3.27581,-1.576,34.47781,0,0,No Data,No Data
1645252766,2022-02-19T06:39:26Z,51.25774,3.27581,-1.576,34.47781,0,0,No Data,No Data
1645252776,2022-02-19T06:39:36Z,51.25671,3.27629,-0.452,34.59726,0,0,No Data,No Data
1645252793,2022-02-19T06:39:53Z,51.25513,3.27744,0.772,34.79055,0,0,No Data,No Data
1645252802,2022-02-19T06:40:02Z,51.2542,3.27814,2.244,34.905,0,0,No Data,No Data
1645252802,2022-02-19T06:40:02Z,51.25418,3.27807,2.317,34.91036,0,0,No Data,No Data
1645252802,2022-02-19T06:40:02Z,51.2542,3.27814,2.244,34.91572,0,0,No Data,No Data
1645252809,2022-02-19T06:40:09Z,51.25358,3.2786,2.036,34.99182,0,0,No Data,No Data
1645252812,2022-02-19T06:40:12Z,51.25324,3.2789,2.868,35.03506,0,0,No Data,No Data
1645252817,2022-02-19T06:40:17Z,51.25281,3.27942,4.065,35.0951,0,0,No Data,No Data
1645252817,2022-02-19T06:40:17Z,51.25277,3.2795,4.082,35.10224,0,0,No Data,No Data
1645252821,2022-02-19T06:40:21Z,51.25242,3.27993,4.084,35.15139,0,0,No Data,No Data
1645252821,2022-02-19T06:40:21Z,51.25238,3.28002,4.0,35.15908,0,0,No Data,No Data
1645252821,2022-02-19T06:40:21Z,51.25229,3.28015,4.0,35.17259,0,0,No Data,No Data
1645252822,2022-02-19T06:40:22Z,51.25212,3.28036,4.0,35.19651,0,0,No Data,No Data
1645252822,2022-02-19T06:40:22Z,51.25212,3.28036,4.0,35.19651,0,0,No Data,No Data
1645252822,2022-02-19T06:40:22Z,51.25208,3.28045,4.0,35.2042,0,0,No Data,No Data
1645252824,2022-02-19T06:40:24Z,51.25191,3.28023,4.0,35.22856,0,0,No Data,No Data
1645252824,2022-02-19T06:40:24Z,51.25191,3.28023,4.0,35.22856,0,0,No Data,No Data
1645252826,2022-02-19T06:40:26Z,51.25165,3.27998,4.024,35.26234,0,0,No Data,No Data
1645252830,2022-02-19T06:40:30Z,51.25131,3.27955,4.309,35.31062,0,0,No Data,No Data
1645252838,2022-02-19T06:40:38Z,51.25058,3.27873,3.172,35.40997,0,0,No Data,No Data
1645252842,2022-02-19T06:40:42Z,51.25018,3.27822,2.08,35.46694,0,0,No Data,No Data
1645252842,2022-02-19T06:40:42Z,51.25017,3.27824,2.092,35.46872,0,0,No Data,No Data
1645252842,2022-02-19T06:40:42Z,51.25017,3.27824,2.092,35.46872,0,0,No Data,No Data
1645252842,2022-02-19T06:40:42Z,51.25017,3.27824,2.092,35.46872,0,0,No Data,No Data
1645252845,2022-02-19T06:40:45Z,51.24983,3.27781,1.296,35.517,0,0,No Data,No Data
1645252845,2022-02-19T06:40:45Z,51.2498,3.27779,1.264,35.52062,0,0,No Data,No Data
1645252854,2022-02-19T06:40:54Z,51.24897,3.27684,2.028,35.63429,0,0,No Data,No Data
1645252857,2022-02-19T06:40:57Z,51.24869,3.27648,2.572,35.6743,0,0,No Data,No Data
1645252859,2022-02-19T06:40:59Z,51.24845,3.27629,2.86,35.70412,0,0,No Data,No Data
1645252865,2022-02-19T06:41:05Z,51.24796,3.27571,2.821,35.77201,0,0,No Data,No Data
1645252886,2022-02-19T06:41:26Z,51.24622,3.27369,1.735,36.01147,0,0,No Data,No Data
1645253010,2022-02-19T06:43:30Z,51.23622,3.26187,4.0,37.39642,0,0,No Data,No Data
1645253024,2022-02-19T06:43:44Z,51.23511,3.26045,0.941,37.55475,0,0,No Data,No Data
1645253033,2022-02-19T06:43:53Z,51.23438,3.25951,2.895,37.65915,0,0,No Data,No Data
1645253035,2022-02-19T06:43:55Z,51.23418,3.25923,2.999,37.68876,0,0,No Data,No Data
1645253046,2022-02-19T06:44:06Z,51.23339,3.25777,4.818,37.82327,0,0,No Data,No Data
1645253047,2022-02-19T06:44:07Z,51.23328,3.25755,4.864,37.8429,0,0,No Data,No Data
1645253055,2022-02-19T06:44:15Z,51.2327,3.25644,3.62,37.94368,0,0,No Data,No Data
1645253059,2022-02-19T06:44:19Z,51.2324,3.25586,5.66,37.99612,0,0,No Data,No Data
1645253071,2022-02-19T06:44:31Z,51.23163,3.25436,4.222,38.13133,0,0,No Data,No Data
1645253071,2022-02-19T06:44:31Z,51.23163,3.25436,4.222,38.13133,0,0,No Data,No Data
1645253103,2022-02-19T06:45:03Z,51.22953,3.2503,4.606,38.49844,0,0,No Data,No Data
1645253129,2022-02-19T06:45:29Z,51.22787,3.24713,5.853,38.78653,0,0,No Data,No Data
1645253138,2022-02-19T06:45:38Z,51.22732,3.24603,5.535,38.88467,0,0,No Data,No Data
1645253138,2022-02-19T06:45:38Z,51.22732,3.24603,5.535,38.88467,0,0,No Data,No Data
1645253145,2022-02-19T06:45:45Z,51.22687,3.24515,5.976,38.96388,0,0,No Data,No Data
1645253149,2022-02-19T06:45:49Z,51.22659,3.24461,5.357,39.01276,0,0,No Data,No Data
1645253173,2022-02-19T06:46:13Z,51.22506,3.24161,2.865,39.2825,0,0,No Data,No Data
1645253175,2022-02-19T06:46:15Z,51.22489,3.24131,2.76,39.31071,0,0,No Data,No Data
1645253175,2022-02-19T06:46:15Z,51.22483,3.24125,2.806,39.31859,0,0,No Data,No Data
1645253175,2022-02-19T06:46:15Z,51.22478,3.24122,2.87,39.32454,0,0,No Data,No Data
1645253175,2022-02-19T06:46:15Z,51.22481,3.24118,2.777,39.32889,0,0,No Data,No Data
1645253175,2022-02-19T06:46:15Z,51.22481,3.24107,2.675,39.33656,0,0,No Data,No Data
1645253175,2022-02-19T06:46:15Z,51.22478,3.24103,2.702,39.34091,0,0,No Data,No Data
1645253175,2022-02-19T06:46:15Z,51.22476,3.24101,2.727,39.34354,0,0,No Data,No Data
1645253175,2022-02-19T06:46:15Z,51.22472,3.24099,2.797,39.34821,0,0,No Data,No Data
1645253175,2022-02-19T06:46:15Z,51.2247,3.24099,2.84,39.35044,0,0,No Data,No Data
1645253175,2022-02-19T06:46:15Z,51.22468,3.24101,2.899,39.35307,0,0,No Data,No Data
1645253176,2022-02-19T06:46:16Z,51.22457,3.24069,3.026,39.37852,0,0,No Data,No Data
1645253183,2022-02-19T06:46:23Z,51.22414,3.23985,3.084,39.45416,0,0,No Data,No Data
1645253183,2022-02-19T06:46:23Z,51.22414,3.23985,3.084,39.45416,0,0,No Data,No Data
1645253186,2022-02-19T06:46:26Z,51.22393,3.23942,3.457,39.49218,0,0,No Data,No Data
1645253194,2022-02-19T06:46:34Z,51.22339,3.23837,2.15,39.58691,0,0,No Data,No Data
1645253199,2022-02-19T06:46:39Z,51.22309,3.23779,2.462,39.63936,0,0,No Data,No Data
1645253203,2022-02-19T06:46:43Z,51.22279,3.23721,2.923,39.69181,0,0,No Data,No Data
1645253203,2022-02-19T06:46:43Z,51.22279,3.23721,2.923,39.69181,0,0,No Data,No Data
1645253203,2022-02-19T06:46:43Z,51.22271,3.23707,3.154,39.70502,0,0,No Data,No Data
1645253203,2022-02-19T06:46:43Z,51.22272,3.23707,3.16,39.70614,0,0,No Data,No Data
1645253203,2022-02-19T06:46:43Z,51.22271,3.23707,3.154,39.70726,0,0,No Data,No Data
1645253204,2022-02-19T06:46:44Z,51.22262,3.23689,3.503,39.72332,0,0,No Data,No Data
1645253215,2022-02-19T06:46:55Z,51.22186,3.23539,3.61,39.85785,0,0,No Data,No Data
1645253215,2022-02-19T06:46:55Z,51.22186,3.23539,3.61,39.85785,0,0,No Data,No Data
1645253215,2022-02-19T06:46:55Z,51.22186,3.23539,3.61,39.85785,0,0,No Data,No Data
1645253217,2022-02-19T06:46:57Z,51.22169,3.23507,3.161,39.88711,0,0,No Data,No Data
1645253218,2022-02-19T06:46:58Z,51.22159,3.23487,3.106,39.90495,0,0,No Data,No Data
1645253218,2022-02-19T06:46:58Z,51.22159,3.23487,3.106,39.90495,0,0,No Data,No Data
1645253219,2022-02-19T06:46:59Z,51.22156,3.23462,2.87,39.9227,0,0,No Data,No Data
1645253220,2022-02-19T06:47:00Z,51.22168,3.23446,2.373,39.94011,0,0,No Data,No Data
1645253221,2022-02-19T06:47:01Z,51.22181,3.23421,2.378,39.96277,0,0,No Data,No Data
1645253221,2022-02-19T06:47:01Z,51.22181,3.23399,2.168,39.97811,0,0,No Data,No Data
1645253221,2022-02-19T06:47:01Z,51.22181,3.23399,2.168,39.97811,0,0,No Data,No Data
1645253221,2022-02-19T06:47:01Z,51.22178,3.23389,1.985,39.98584,0,0,No Data,No Data
1645253222,2022-02-19T06:47:02Z,51.22171,3.23374,1.619,39.99888,0,0,No Data,No Data
1645253222,2022-02-19T06:47:02Z,51.22171,3.23374,1.619,39.99888,0,0,No Data,No Data
1645253222,2022-02-19T06:47:02Z,51.22171,3.23374,1.619,39.99888,0,0,No Data,No Data
1645253222,2022-02-19T06:47:02Z,51.22167,3.23365,1.39,40.00657,0,0,No Data,No Data
1645253223,2022-02-19T06:47:03Z,51.22161,3.2335,1.282,40.01898,0,0,No Data,No Data
1645253223,2022-02-19T06:47:03Z,51.22154,3.23337,1.203,40.03093,0,0,No Data,No Data
1645253224,2022-02-19T06:47:04Z,51.22139,3.23318,1.394,40.05225,0,0,No Data,No Data
1645253224,2022-02-19T06:47:04Z,51.22131,3.23305,1.477,40.06496,0,0,No Data,No Data
1645253224,2022-02-19T06:47:04Z,51.22131,3.23305,1.477,40.06496,0,0,No Data,No Data
1645253225,2022-02-19T06:47:05Z,51.22116,3.23283,1.478,40.08764,0,0,No Data,No Data
1645253227,2022-02-19T06:47:07Z,51.22097,3.23265,1.285,40.11224,0,0,No Data,No Data
1645253227,2022-02-19T06:47:07Z,51.22097,3.23265,1.285,40.11224,0,0,No Data,No Data
1645253227,2022-02-19T06:47:07Z,51.22097,3.23265,1.285,40.11224,0,0,No Data,No Data
1645253227,2022-02-19T06:47:07Z,51.22092,3.2326,1.199,40.11881,0,0,No Data,No Data
1645253227,2022-02-19T06:47:07Z,51.22086,3.23251,1.043,40.12798,0,0,No Data,No Data
1645253227,2022-02-19T06:47:07Z,51.22084,3.23245,1.128,40.13272,0,0,No Data,No Data
1645253229,2022-02-19T06:47:09Z,51.22075,3.2321,2.064,40.1591,0,0,No Data,No Data
1645253230,2022-02-19T06:47:10Z,51.22062,3.23183,2.708,40.18285,0,0,No Data,No Data
1645253230,2022-02-19T06:47:10Z,51.22059,3.23174,2.875,40.18996,0,0,No Data,No Data
1645253230,2022-02-19T06:47:10Z,51.22059,3.23174,2.875,40.18996,0,0,No Data,No Data
1645253230,2022-02-19T06:47:10Z,51.22059,3.23174,2.875,40.18996,0,0,No Data,No Data
1645253231,2022-02-19T06:47:11Z,51.22045,3.23142,3.616,40.21718,0,0,No Data,No Data
1645253233,2022-02-19T06:47:13Z,51.22034,3.23112,4.191,40.24142,0,0,No Data,No Data
1645253233,2022-02-19T06:47:13Z,51.2203,3.23098,4.417,40.25215,0,0,No Data,No Data
1645253233,2022-02-19T06:47:13Z,51.2203,3.23098,4.417,40.25215,0,0,No Data,No Data
1645253233,2022-02-19T06:47:13Z,51.2203,3.23098,4.417,40.25215,0,0,No Data,No Data
1645253235,2022-02-19T06:47:15Z,51.22019,3.2306,4.952,40.28134,0,0,No Data,No Data
1645253235,2022-02-19T06:47:15Z,51.22019,3.2306,4.952,40.28134,0,0,No Data,No Data
1645253235,2022-02-19T06:47:15Z,51.22019,3.2306,4.952,40.28134,0,0,No Data,No Data
1645253235,2022-02-19T06:47:15Z,51.22015,3.23045,5.197,40.29271,0,0,No Data,No Data
1645253236,2022-02-19T06:47:16Z,51.22002,3.23017,5.621,40.31701,0,0,No Data,No Data
1645253236,2022-02-19T06:47:16Z,51.21998,3.23013,5.703,40.32226,0,0,No Data,No Data
1645253236,2022-02-19T06:47:16Z,51.21987,3.23007,5.884,40.3352,0,0,No Data,No Data
1645253241,2022-02-19T06:47:21Z,51.21942,3.22979,6.0,40.38897,0,0,No Data,No Data
1645253241,2022-02-19T06:47:21Z,51.21933,3.22974,6.0,40.39958,0,0,No Data,No Data
1645253241,2022-02-19T06:47:21Z,51.21933,3.22974,6.0,40.39958,0,0,No Data,No Data
1645253241,2022-02-19T06:47:21Z,51.21923,3.22969,6.0,40.41125,0,0,No Data,No Data
1645253241,2022-02-19T06:47:21Z,51.21923,3.22968,6.0,40.41195,0,0,No Data,No Data
1645253241,2022-02-19T06:47:21Z,51.21923,3.22969,6.0,40.41265,0,0,No Data,No Data
1645253241,2022-02-19T06:47:21Z,51.2191,3.22962,6.378,40.42792,0,0,No Data,No Data
1645253241,2022-02-19T06:47:21Z,51.2191,3.22962,6.378,40.42792,0,0,No Data,No Data
1645253243,2022-02-19T06:47:23Z,51.21884,3.22951,7.592,40.45786,0,0,No Data,No Data
1645253243,2022-02-19T06:47:23Z,51.21884,3.22951,7.592,40.45786,0,0,No Data,No Data
1645253246,2022-02-19T06:47:26Z,51.21852,3.22942,8.732,40.49403,0,0,No Data,No Data
1645253246,2022-02-19T06:47:26Z,51.21852,3.22942,8.732,40.49403,0,0,No Data,No Data
1645253247,2022-02-19T06:47:27Z,51.21835,3.22938,9.214,40.51316,0,0,No Data,No Data
1645253248,2022-02-19T06:47:28Z,51.21818,3.22929,8.474,40.5331,0,0,No Data,No Data
1645253248,2022-02-19T06:47:28Z,51.21814,3.22927,8.302,40.53777,0,0,No Data,No Data
1645253248,2022-02-19T06:47:28Z,51.21814,3.22927,8.302,40.53777,0,0,No Data,No Data
1645253248,2022-02-19T06:47:28Z,51.21814,3.22927,8.302,40.53777,0,0,No Data,No Data
1645253250,2022-02-19T06:47:30Z,51.21794,3.22912,7.413,40.56237,0,0,No Data,No Data
1645253252,2022-02-19T06:47:32Z,51.21773,3.22893,6.835,40.58924,0,0,No Data,No Data
1645253255,2022-02-19T06:47:35Z,51.21742,3.22859,6.47,40.63111,0,0,No Data,No Data
1645253255,2022-02-19T06:47:35Z,51.21745,3.22854,6.353,40.63594,0,0,No Data,No Data
1645253255,2022-02-19T06:47:35Z,51.21745,3.22854,6.353,40.63594,0,0,No Data,No Data
1645253255,2022-02-19T06:47:35Z,51.21745,3.22854,6.353,40.63594,0,0,No Data,No Data
1645253260,2022-02-19T06:47:40Z,51.21775,3.22788,4.394,40.69281,0,0,No Data,No Data
1645253260,2022-02-19T06:47:40Z,51.21783,3.22777,4.111,40.70456,0,0,No Data,No Data
1645253264,2022-02-19T06:47:44Z,51.2182,3.22734,3.871,40.75551,0,0,No Data,No Data
1645253264,2022-02-19T06:47:44Z,51.2182,3.22734,3.871,40.75551,0,0,No Data,No Data
1645253265,2022-02-19T06:47:45Z,51.2183,3.22721,3.974,40.76987,0,0,No Data,No Data
1645253267,2022-02-19T06:47:47Z,51.21856,3.22702,4.0,40.8017,0,0,No Data,No Data
1645253267,2022-02-19T06:47:47Z,51.21865,3.22698,4.0,40.8121,0,0,No Data,No Data
1645253267,2022-02-19T06:47:47Z,51.21873,3.22695,4.0,40.82125,0,0,No Data,No Data
1645253267,2022-02-19T06:47:47Z,51.21884,3.22693,4.0,40.83358,0,0,No Data,No Data
1645253267,2022-02-19T06:47:47Z,51.21884,3.22693,4.0,40.83358,0,0,No Data,No Data
1645253267,2022-02-19T06:47:47Z,51.21895,3.22691,4.0,40.84591,0,0,No Data,No Data
1645253269,2022-02-19T06:47:49Z,51.21923,3.22685,4.059,40.87736,0,0,No Data,No Data
1645253271,2022-02-19T06:47:51Z,51.21944,3.2268,4.276,40.901,0,0,No Data,No Data
1645253276,2022-02-19T06:47:56Z,51.21996,3.22674,4.868,40.95904,0,0,No Data,No Data
1645253277,2022-02-19T06:47:57Z,51.22015,3.2267,5.147,40.98038,0,0,No Data,No Data
1645253280,2022-02-19T06:48:00Z,51.22056,3.2267,5.659,41.02603,0,0,No Data,No Data
1645253280,2022-02-19T06:48:00Z,51.22056,3.2267,5.659,41.02603,0,0,No Data,No Data
1645253280,2022-02-19T06:48:00Z,51.22062,3.2267,5.734,41.03271,0,0,No Data,No Data
1645253281,2022-02-19T06:48:01Z,51.22079,3.2267,5.946,41.05164,0,0,No Data,No Data
1645253281,2022-02-19T06:48:01Z,51.22079,3.2267,5.946,41.05164,0,0,No Data,No Data
1645253281,2022-02-19T06:48:01Z,51.22079,3.2267,5.946,41.05164,0,0,No Data,No Data
1645253282,2022-02-19T06:48:02Z,51.22097,3.2267,5.679,41.07168,0,0,No Data,No Data
1645253282,2022-02-19T06:48:02Z,51.22103,3.22672,5.543,41.0785,0,0,No Data,No Data
1645253282,2022-02-19T06:48:02Z,51.22109,3.2267,5.396,41.08532,0,0,No Data,No Data
1645253282,2022-02-19T06:48:02Z,51.22112,3.22667,5.313,41.08926,0,0,No Data,No Data
1645253282,2022-02-19T06:48:02Z,51.22112,3.22667,5.313,41.08926,0,0,No Data,No Data
1645253282,2022-02-19T06:48:02Z,51.22116,3.22663,5.189,41.09451,0,0,No Data,No Data
1645253282,2022-02-19T06:48:02Z,51.22119,3.22658,5.085,41.09934,0,0,No Data,No Data
1645253282,2022-02-19T06:48:02Z,51.22125,3.22641,4.846,41.11295,0,0,No Data,No Data
1645253282,2022-02-19T06:48:02Z,51.22125,3.22641,4.846,41.11295,0,0,No Data,No Data
1645253282,2022-02-19T06:48:02Z,51.22129,3.22631,4.711,41.12122,0,0,No Data,No Data
1645253282,2022-02-19T06:48:02Z,51.22131,3.22616,4.596,41.13191,0,0,No Data,No Data
1645253282,2022-02-19T06:48:02Z,51.22131,3.22616,4.596,41.13191,0,0,No Data,No Data
1645253283,2022-02-19T06:48:03Z,51.22118,3.2259,4.631,41.15511,0,0,No Data,No Data
1645253284,2022-02-19T06:48:04Z,51.22112,3.22567,4.325,41.17248,0,0,No Data,No Data
1645253292,2022-02-19T06:48:12Z,51.22079,3.22444,3.432,41.26578,0,0,No Data,No Data
1645253295,2022-02-19T06:48:15Z,51.22066,3.22395,3.676,41.30289,0,0,No Data,No Data
1645253295,2022-02-19T06:48:15Z,51.2206,3.22376,4.048,41.31773,0,0,No Data,No Data
1645253296,2022-02-19T06:48:16Z,51.22054,3.22359,4.396,41.33134,0,0,No Data,No Data
1645253300,2022-02-19T06:48:20Z,51.22026,3.22299,5.762,41.38351,0,0,No Data,No Data
1645253306,2022-02-19T06:48:26Z,51.21985,3.22221,6.583,41.45451,0,0,No Data,No Data
1645253307,2022-02-19T06:48:27Z,51.21972,3.22202,6.861,41.47413,0,0,No Data,No Data
1645253308,2022-02-19T06:48:28Z,51.21959,3.22183,6.997,41.49375,0,0,No Data,No Data
1645253308,2022-02-19T06:48:28Z,51.21955,3.22172,7.005,41.50262,0,0,No Data,No Data
1645253309,2022-02-19T06:48:29Z,51.21938,3.22148,6.833,41.52788,0,0,No Data,No Data
1645253309,2022-02-19T06:48:29Z,51.21938,3.22148,6.833,41.52788,0,0,No Data,No Data
1645253312,2022-02-19T06:48:32Z,51.21914,3.22116,6.379,41.56269,0,0,No Data,No Data
1645253312,2022-02-19T06:48:32Z,51.21914,3.22116,6.379,41.56269,0,0,No Data,No Data
1645253315,2022-02-19T06:48:35Z,51.21885,3.22079,5.916,41.60402,0,0,No Data,No Data
1645253315,2022-02-19T06:48:35Z,51.21885,3.22079,5.916,41.60402,0,0,No Data,No Data
1645253315,2022-02-19T06:48:35Z,51.21885,3.22079,5.916,41.60402,0,0,No Data,No Data
1645253317,2022-02-19T06:48:37Z,51.21865,3.22054,5.514,41.6323,0,0,No Data,No Data
1645253317,2022-02-19T06:48:37Z,51.21865,3.22054,5.514,41.6323,0,0,No Data,No Data
1645253318,2022-02-19T06:48:38Z,51.21848,3.22032,5.276,41.65666,0,0,No Data,No Data
1645253319,2022-02-19T06:48:39Z,51.21833,3.22017,5.21,41.67636,0,0,No Data,No Data
1645253319,2022-02-19T06:48:39Z,51.21824,3.22009,5.296,41.68783,0,0,No Data,No Data
1645253322,2022-02-19T06:48:42Z,51.21796,3.21977,5.896,41.72617,0,0,No Data,No Data
1645253326,2022-02-19T06:48:46Z,51.21764,3.21934,6.664,41.77273,0,0,No Data,No Data
1645253326,2022-02-19T06:48:46Z,51.21764,3.21934,6.664,41.77273,0,0,No Data,No Data
1645253329,2022-02-19T06:48:49Z,51.21738,3.21899,6.675,41.81059,0,0,No Data,No Data
1645253331,2022-02-19T06:48:51Z,51.21712,3.21865,6.207,41.84801,0,0,No Data,No Data
1645253331,2022-02-19T06:48:51Z,51.21712,3.21865,6.207,41.84801,0,0,No Data,No Data
1645253334,2022-02-19T06:48:54Z,51.21685,3.21829,5.989,41.88717,0,0,No Data,No Data
1645253339,2022-02-19T06:48:59Z,51.21648,3.21777,5.927,41.94205,0,0,No Data,No Data
1645253348,2022-02-19T06:49:08Z,51.21573,3.21676,5.986,42.05129,0,0,No Data,No Data
1645253349,2022-02-19T06:49:09Z,51.2156,3.21648,5.875,42.0756,0,0,No Data,No Data
1645253349,2022-02-19T06:49:09Z,51.21552,3.21638,5.741,42.08691,0,0,No Data,No Data
1645253349,2022-02-19T06:49:09Z,51.21545,3.21631,5.606,42.09611,0,0,No Data,No Data
1645253349,2022-02-19T06:49:09Z,51.21541,3.21625,5.492,42.10222,0,0,No Data,No Data
1645253351,2022-02-19T06:49:11Z,51.21519,3.21603,4.82,42.13112,0,0,No Data,No Data
1645253356,2022-02-19T06:49:16Z,51.2147,3.21569,5.488,42.1906,0,0,No Data,No Data
1645253356,2022-02-19T06:49:16Z,51.2147,3.21569,5.488,42.1906,0,0,No Data,No Data
1645253356,2022-02-19T06:49:16Z,51.2147,3.21569,5.488,42.1906,0,0,No Data,No Data
1645253356,2022-02-19T06:49:16Z,51.21457,3.2156,6.055,42.20637,0,0,No Data,No Data
1645253361,2022-02-19T06:49:21Z,51.2141,3.2153,7.411,42.26272,0,0,No Data,No Data
1645253370,2022-02-19T06:49:30Z,51.21311,3.21479,7.732,42.37853,0,0,No Data,No Data
1645253375,2022-02-19T06:49:35Z,51.21262,3.21457,7.144,42.4352,0,0,No Data,No Data
1645253379,2022-02-19T06:49:39Z,51.21217,3.2144,6.889,42.48668,0,0,No Data,No Data
1645253380,2022-02-19T06:49:40Z,51.21204,3.21436,6.872,42.50142,0,0,No Data,No Data
1645253380,2022-02-19T06:49:40Z,51.21197,3.21434,6.868,42.50934,0,0,No Data,No Data
1645253381,2022-02-19T06:49:41Z,51.21172,3.21425,6.906,42.53787,0,0,No Data,No Data
1645253381,2022-02-19T06:49:41Z,51.21167,3.21423,6.924,42.54361,0,0,No Data,No Data
1645253387,2022-02-19T06:49:47Z,51.21103,3.21402,7.0,42.61635,0,0,No Data,No Data
1645253389,2022-02-19T06:49:49Z,51.21077,3.21397,6.87,42.6455,0,0,No Data,No Data
1645253395,2022-02-19T06:49:55Z,51.21013,3.21391,5.376,42.71687,0,0,No Data,No Data
1645253398,2022-02-19T06:49:58Z,51.20976,3.21391,5.541,42.75806,0,0,No Data,No Data
1645253400,2022-02-19T06:50:00Z,51.20955,3.21395,6.041,42.7816,0,0,No Data,No Data
1645253400,2022-02-19T06:50:00Z,51.20947,3.21397,6.228,42.79061,0,0,No Data,No Data
1645253400,2022-02-19T06:50:00Z,51.20947,3.21397,6.228,42.79061,0,0,No Data,No Data
1645253400,2022-02-19T06:50:00Z,51.20936,3.214,6.475,42.80303,0,0,No Data,No Data
1645253401,2022-02-19T06:50:01Z,51.20923,3.21411,6.846,42.81941,0,0,No Data,No Data
1645253401,2022-02-19T06:50:01Z,51.20921,3.21414,6.913,42.82246,0,0,No Data,No Data
1645253401,2022-02-19T06:50:01Z,51.20921,3.21414,6.913,42.82246,0,0,No Data,No Data
1645253401,2022-02-19T06:50:01Z,51.20919,3.21419,6.972,42.8266,0,0,No Data,No Data
1645253403,2022-02-19T06:50:03Z,51.20901,3.21441,7.454,42.85184,0,0,No Data,No Data
1645253403,2022-02-19T06:50:03Z,51.20901,3.21442,7.45,42.85254,0,0,No Data,No Data
1645253403,2022-02-19T06:50:03Z,51.20901,3.21441,7.454,42.85324,0,0,No Data,No Data
1645253403,2022-02-19T06:50:03Z,51.20893,3.21453,7.604,42.86546,0,0,No Data,No Data
1645253408,2022-02-19T06:50:08Z,51.2085,3.21507,7.716,42.92637,0,0,No Data,No Data
1645253411,2022-02-19T06:50:11Z,51.20824,3.21535,7.497,42.96129,0,0,No Data,No Data
1645253413,2022-02-19T06:50:13Z,51.20796,3.21563,7.364,42.99807,0,0,No Data,No Data
1645253418,2022-02-19T06:50:18Z,51.20747,3.21601,8.212,43.05872,0,0,No Data,No Data
1645253418,2022-02-19T06:50:18Z,51.20747,3.21601,8.212,43.05872,0,0,No Data,No Data
1645253418,2022-02-19T06:50:18Z,51.20747,3.21601,8.212,43.05872,0,0,No Data,No Data
1645253418,2022-02-19T06:50:18Z,51.20747,3.21601,8.212,43.05872,0,0,No Data,No Data
1645253418,2022-02-19T06:50:18Z,51.20747,3.21601,8.212,43.05872,0,0,No Data,No Data
1645253418,2022-02-19T06:50:18Z,51.2074,3.21605,8.26,43.067,0,0,No Data,No Data
1645253418,2022-02-19T06:50:18Z,51.2073,3.21605,8.26,43.07813,0,0,No Data,No Data
1645253418,2022-02-19T06:50:18Z,51.20724,3.21609,8.308,43.08537,0,0,No Data,No Data
1645253418,2022-02-19T06:50:18Z,51.20724,3.21609,8.308,43.08537,0,0,No Data,No Data
1645253418,2022-02-19T06:50:18Z,51.20724,3.21609,8.308,43.08537,0,0,No Data,No Data
1645253418,2022-02-19T06:50:18Z,51.20719,3.21612,8.344,43.09132,0,0,No Data,No Data
1645253422,2022-02-19T06:50:22Z,51.20672,3.21639,8.668,43.14693,0,0,No Data,No Data
1645253422,2022-02-19T06:50:22Z,51.20672,3.21639,8.668,43.14693,0,0,No Data,No Data
1645253422,2022-02-19T06:50:22Z,51.20672,3.21639,8.668,43.14693,0,0,No Data,No Data
1645253425,2022-02-19T06:50:25Z,51.20644,3.21655,9.17,43.18004,0,0,No Data,No Data
1645253425,2022-02-19T06:50:25Z,51.20632,3.2166,9.369,43.19385,0,0,No Data,No Data
1645253425,2022-02-19T06:50:25Z,51.20632,3.2166,9.369,43.19385,0,0,No Data,No Data
1645253425,2022-02-19T06:50:25Z,51.20632,3.2166,9.369,43.19385,0,0,No Data,No Data
1645253427,2022-02-19T06:50:27Z,51.2061,3.2167,9.653,43.21932,0,0,No Data,No Data
1645253427,2022-02-19T06:50:27Z,51.2061,3.2167,9.653,43.21932,0,0,No Data,No Data
1645253427,2022-02-19T06:50:27Z,51.2061,3.2167,9.653,43.21932,0,0,No Data,No Data
1645253430,2022-02-19T06:50:30Z,51.20575,3.21685,9.758,43.25967,0,0,No Data,No Data
1645253430,2022-02-19T06:50:30Z,51.20575,3.21685,9.758,43.25967,0,0,No Data,No Data
1645253430,2022-02-19T06:50:30Z,51.20575,3.21685,9.758,43.25967,0,0,No Data,No Data
1645253431,2022-02-19T06:50:31Z,51.20553,3.21689,9.634,43.28432,0,0,No Data,No Data
1645253434,2022-02-19T06:50:34Z,51.20515,3.21697,9.338,43.32699,0,0,No Data,No Data
